id,chapter,level,rank,difficulty,max_hp,damage,armor,magic_resist
BO01,1,5,boss,0,19575,270,180,180
BO01,1,5,boss,1,27405,324,210,210
BO01,1,5,boss,2,39150,405,240,240
BO01,1,5,boss,3,54810,500,270,270
BO01,1,5,boss,4,78300,621,300,300
M01,1,1,elite,0,1604,333,0,105
M01,1,1,elite,1,2245,400,30,135
M01,1,1,elite,2,3208,500,60,165
M01,1,1,elite,3,4491,617,90,195
M01,1,1,elite,4,6415,767,120,225
M01,1,1,normal,0,1337,298,0,45
M01,1,1,normal,1,1871,357,30,75
M01,1,1,normal,2,2673,447,60,105
M01,1,1,normal,3,3742,551,90,135
M01,1,1,normal,4,5346,685,120,165
M01,1,3,elite,0,1780,350,15,120
M01,1,3,elite,1,2492,420,45,150
M01,1,3,elite,2,3560,525,75,180
M01,1,3,elite,3,4985,648,105,210
M01,1,3,elite,4,7121,805,135,240
M01,1,3,normal,0,1484,313,15,60
M01,1,3,normal,1,2077,375,45,90
M01,1,3,normal,2,2967,469,75,120
M01,1,3,normal,3,4154,578,105,150
M01,1,3,normal,4,5934,719,135,180
M01,1,5,elite,0,1957,367,60,150
M01,1,5,elite,1,2739,440,90,180
M01,1,5,elite,2,3913,550,120,210
M01,1,5,elite,3,5479,678,150,240
M01,1,5,elite,4,7827,843,180,270
M01,1,5,normal,0,1631,327,60,90
M01,1,5,normal,1,2283,393,90,120
M01,1,5,normal,2,3261,491,120,150
M01,1,5,normal,3,4565,606,150,180
M01,1,5,normal,4,6522,753,180,210
M02,1,1,elite,0,2085,381,45,105
M02,1,1,elite,1,2919,457,75,135
M02,1,1,elite,2,4170,572,105,165
M02,1,1,elite,3,5838,705,135,195
M02,1,1,elite,4,8340,876,165,225
M02,1,1,normal,0,1737,340,45,45
M02,1,1,normal,1,2432,408,75,75
M02,1,1,normal,2,3475,510,105,105
M02,1,1,normal,3,4865,629,135,135
M02,1,1,normal,4,6950,782,165,165
M02,1,3,elite,0,2314,400,60,120
M02,1,3,elite,1,3240,480,90,150
M02,1,3,elite,2,4629,600,120,180
M02,1,3,elite,3,6480,740,150,210
M02,1,3,elite,4,9257,920,180,240
M02,1,3,normal,0,1929,357,60,60
M02,1,3,normal,1,2700,429,90,90
M02,1,3,normal,2,3857,536,120,120
M02,1,3,normal,3,5400,661,150,150
M02,1,3,normal,4,7714,822,180,180
M02,1,5,elite,0,2544,419,105,150
M02,1,5,elite,1,3561,503,135,180
M02,1,5,elite,2,5087,629,165,210
M02,1,5,elite,3,7122,775,195,240
M02,1,5,elite,4,10175,964,225,270
M02,1,5,normal,0,2120,374,105,90
M02,1,5,normal,1,2968,449,135,120
M02,1,5,normal,2,4239,561,165,150
M02,1,5,normal,3,5935,692,195,180
M02,1,5,normal,4,8479,861,225,210
M03,1,1,elite,0,1166,339,0,105
M03,1,1,elite,1,1633,407,30,135
M03,1,1,elite,2,2333,509,60,165
M03,1,1,elite,3,3266,627,90,195
M03,1,1,elite,4,4666,780,120,225
M03,1,1,normal,0,972,303,0,45
M03,1,1,normal,1,1361,363,30,75
M03,1,1,normal,2,1944,454,60,105
M03,1,1,normal,3,2722,560,90,135
M03,1,1,normal,4,3888,696,120,165
M03,1,3,elite,0,1295,356,15,120
M03,1,3,elite,1,1813,427,45,150
M03,1,3,elite,2,2589,534,75,180
M03,1,3,elite,3,3625,659,105,210
M03,1,3,elite,4,5179,819,135,240
M03,1,3,normal,0,1079,318,15,60
M03,1,3,normal,1,1510,381,45,90
M03,1,3,normal,2,2158,477,75,120
M03,1,3,normal,3,3021,588,105,150
M03,1,3,normal,4,4316,731,135,180
M03,1,5,elite,0,1423,373,60,150
M03,1,5,elite,1,1992,448,90,180
M03,1,5,elite,2,2846,559,120,210
M03,1,5,elite,3,3984,690,150,240
M03,1,5,elite,4,5692,858,180,270
M03,1,5,normal,0,1186,333,60,90
M03,1,5,normal,1,1660,400,90,120
M03,1,5,normal,2,2372,500,120,150
M03,1,5,normal,3,3320,616,150,180
M03,1,5,normal,4,4743,766,180,210
M04,1,1,elite,0,748,191,0,105
M04,1,1,elite,1,1048,229,30,135
M04,1,1,elite,2,1497,286,60,165
M04,1,1,elite,3,2096,352,90,195
M04,1,1,elite,4,2994,438,120,225
M04,1,1,normal,0,624,170,0,45
M04,1,1,normal,1,873,204,30,75
M04,1,1,normal,2,1247,255,60,105
M04,1,1,normal,3,1746,315,90,135
M04,1,1,normal,4,2495,391,120,165
M04,1,3,elite,0,831,200,15,120
M04,1,3,elite,1,1163,240,45,150
M04,1,3,elite,2,1662,300,75,180
M04,1,3,elite,3,2326,370,105,210
M04,1,3,elite,4,3323,460,135,240
M04,1,3,normal,0,692,179,15,60
M04,1,3,normal,1,969,214,45,90
M04,1,3,normal,2,1385,268,75,120
M04,1,3,normal,3,1938,330,105,150
M04,1,3,normal,4,2769,411,135,180
M04,1,5,elite,0,913,210,60,150
M04,1,5,elite,1,1278,251,90,180
M04,1,5,elite,2,1826,314,120,210
M04,1,5,elite,3,2557,388,150,240
M04,1,5,elite,4,3652,482,180,270
M04,1,5,normal,0,761,187,60,90
M04,1,5,normal,1,1065,225,90,120
M04,1,5,normal,2,1522,281,120,150
M04,1,5,normal,3,2131,346,150,180
M04,1,5,normal,4,3044,430,180,210
M05,1,1,elite,0,2085,381,45,105
M05,1,1,elite,1,2919,457,75,135
M05,1,1,elite,2,4170,572,105,165
M05,1,1,elite,3,5838,705,135,195
M05,1,1,elite,4,8340,876,165,225
M05,1,1,normal,0,1737,340,45,45
M05,1,1,normal,1,2432,408,75,75
M05,1,1,normal,2,3475,510,105,105
M05,1,1,normal,3,4865,629,135,135
M05,1,1,normal,4,6950,782,165,165
M05,1,3,elite,0,2314,400,60,120
M05,1,3,elite,1,3240,480,90,150
M05,1,3,elite,2,4629,600,120,180
M05,1,3,elite,3,6480,740,150,210
M05,1,3,elite,4,9257,920,180,240
M05,1,3,normal,0,1929,357,60,60
M05,1,3,normal,1,2700,429,90,90
M05,1,3,normal,2,3857,536,120,120
M05,1,3,normal,3,5400,661,150,150
M05,1,3,normal,4,7714,822,180,180
M05,1,5,elite,0,2544,419,105,150
M05,1,5,elite,1,3561,503,135,180
M05,1,5,elite,2,5087,629,165,210
M05,1,5,elite,3,7122,775,195,240
M05,1,5,elite,4,10175,964,225,270
M05,1,5,normal,0,2120,374,105,90
M05,1,5,normal,1,2968,449,135,120
M05,1,5,normal,2,4239,561,165,150
M05,1,5,normal,3,5935,692,195,180
M05,1,5,normal,4,8479,861,225,210
M06,1,1,elite,0,2053,204,99,231
M06,1,1,elite,1,2874,245,132,264
M06,1,1,elite,2,4106,306,165,297
M06,1,1,elite,3,5748,378,198,330
M06,1,1,elite,4,8211,469,231,363
M06,1,1,normal,0,1711,182,99,165
M06,1,1,normal,1,2395,219,132,198
M06,1,1,normal,2,3421,273,165,231
M06,1,1,normal,3,4790,337,198,264
M06,1,1,normal,4,6843,419,231,297
M06,1,3,elite,0,2279,214,116,248
M06,1,3,elite,1,3190,257,149,281
M06,1,3,elite,2,4557,321,182,314
M06,1,3,elite,3,6380,397,215,347
M06,1,3,elite,4,9115,493,248,380
M06,1,3,normal,0,1899,191,116,182
M06,1,3,normal,1,2658,230,149,215
M06,1,3,normal,2,3798,287,182,248
M06,1,3,normal,3,5317,354,215,281
M06,1,3,normal,4,7596,440,248,314
M06,1,5,elite,0,2504,225,149,289
M06,1,5,elite,1,3506,269,182,322
M06,1,5,elite,2,5009,337,215,355
M06,1,5,elite,3,7013,415,248,388
M06,1,5,elite,4,10018,516,281,421
M06,1,5,normal,0,2087,200,149,223
M06,1,5,normal,1,2922,241,182,256
M06,1,5,normal,2,4174,301,215,289
M06,1,5,normal,3,5844,371,248,322
M06,1,5,normal,4,8348,461,281,355
M07,1,1,elite,0,1711,262,30,105
M07,1,1,elite,1,2395,314,60,135
M07,1,1,elite,2,3421,393,90,165
M07,1,1,elite,3,4790,485,120,195
M07,1,1,elite,4,6843,602,150,225
M07,1,1,normal,0,1426,234,30,45
M07,1,1,normal,1,1996,281,60,75
M07,1,1,normal,2,2851,351,90,105
M07,1,1,normal,3,3992,433,120,135
M07,1,1,normal,4,5702,538,150,165
M07,1,3,elite,0,1899,275,45,120
M07,1,3,elite,1,2658,330,75,150
M07,1,3,elite,2,3798,413,105,180
M07,1,3,elite,3,5317,509,135,210
M07,1,3,elite,4,7596,633,165,240
M07,1,3,normal,0,1582,246,45,60
M07,1,3,normal,1,2215,295,75,90
M07,1,3,normal,2,3165,368,105,120
M07,1,3,normal,3,4431,454,135,150
M07,1,3,normal,4,6330,565,165,180
M07,1,5,elite,0,2087,288,90,150
M07,1,5,elite,1,2922,346,120,180
M07,1,5,elite,2,4174,432,150,210
M07,1,5,elite,3,5844,533,180,240
M07,1,5,elite,4,8348,663,210,270
M07,1,5,normal,0,1739,257,90,90
M07,1,5,normal,1,2435,309,120,120
M07,1,5,normal,2,3478,386,150,150
M07,1,5,normal,3,4870,476,180,180
M07,1,5,normal,4,6957,592,210,210
M08,1,1,elite,0,2558,265,276,207
M08,1,1,elite,1,3581,318,311,242
M08,1,1,elite,2,5116,398,345,276
M08,1,1,elite,3,7162,491,380,311
M08,1,1,elite,4,10232,610,414,345
M08,1,1,normal,0,2132,237,276,138
M08,1,1,normal,1,2984,284,311,173
M08,1,1,normal,2,4263,355,345,207
M08,1,1,normal,3,5968,438,380,242
M08,1,1,normal,4,8526,545,414,276
M08,1,3,elite,0,2839,279,293,224
M08,1,3,elite,1,3975,334,328,259
M08,1,3,elite,2,5679,418,362,293
M08,1,3,elite,3,7950,515,397,328
M08,1,3,elite,4,11357,641,431,362
M08,1,3,normal,0,2366,249,293,155
M08,1,3,normal,1,3313,299,328,190
M08,1,3,normal,2,4732,373,362,224
M08,1,3,normal,3,6625,460,397,259
M08,1,3,normal,4,9464,572,431,293
M08,1,5,elite,0,3121,292,345,259
M08,1,5,elite,1,4369,350,380,293
M08,1,5,elite,2,6241,438,414,328
M08,1,5,elite,3,8738,540,449,362
M08,1,5,elite,4,12483,671,483,397
M08,1,5,normal,0,2601,261,345,190
M08,1,5,normal,1,3641,313,380,224
M08,1,5,normal,2,5201,391,414,259
M08,1,5,normal,3,7282,482,449,293
M08,1,5,normal,4,10402,599,483,328
M09,1,1,elite,0,1334,143,0,231
M09,1,1,elite,1,1868,171,33,264
M09,1,1,elite,2,2669,214,66,297
M09,1,1,elite,3,3736,264,99,330
M09,1,1,elite,4,5337,329,132,363
M09,1,1,normal,0,1112,128,0,165
M09,1,1,normal,1,1557,153,33,198
M09,1,1,normal,2,2224,191,66,231
M09,1,1,normal,3,3114,236,99,264
M09,1,1,normal,4,4448,293,132,297
M09,1,3,elite,0,1481,150,17,248
M09,1,3,elite,1,2074,180,50,281
M09,1,3,elite,2,2962,225,83,314
M09,1,3,elite,3,4147,278,116,347
M09,1,3,elite,4,5925,345,149,380
M09,1,3,normal,0,1234,134,17,182
M09,1,3,normal,1,1728,161,50,215
M09,1,3,normal,2,2469,201,83,248
M09,1,3,normal,3,3456,248,116,281
M09,1,3,normal,4,4937,308,149,314
M09,1,5,elite,0,1628,157,50,289
M09,1,5,elite,1,2279,189,83,322
M09,1,5,elite,2,3256,236,116,355
M09,1,5,elite,3,4558,291,149,388
M09,1,5,elite,4,6512,361,182,421
M09,1,5,normal,0,1357,140,50,223
M09,1,5,normal,1,1899,168,83,256
M09,1,5,normal,2,2713,210,116,289
M09,1,5,normal,3,3798,260,149,322
M09,1,5,normal,4,5426,323,182,355
BO02,2,10,boss,0,24494,292,200,200
BO02,2,10,boss,1,34292,350,230,230
BO02,2,10,boss,2,48989,438,260,260
BO02,2,10,boss,3,68584,540,290,290
BO02,2,10,boss,4,97978,672,320,320
M10,2,6,elite,0,1499,532,60,120
M10,2,6,elite,1,2099,639,90,150
M10,2,6,elite,2,2998,799,120,180
M10,2,6,elite,3,4197,985,150,210
M10,2,6,elite,4,5996,1224,180,240
M10,2,6,normal,0,1249,475,60,60
M10,2,6,normal,1,1749,570,90,90
M10,2,6,normal,2,2498,713,120,120
M10,2,6,normal,3,3498,879,150,150
M10,2,6,normal,4,4997,1093,180,180
M10,2,8,elite,0,1628,556,75,135
M10,2,8,elite,1,2280,667,105,165
M10,2,8,elite,2,3257,834,135,195
M10,2,8,elite,3,4559,1029,165,225
M10,2,8,elite,4,6514,1279,195,255
M10,2,8,normal,0,1357,496,75,75
M10,2,8,normal,1,1900,596,105,105
M10,2,8,normal,2,2714,745,135,135
M10,2,8,normal,3,3800,918,165,165
M10,2,8,normal,4,5428,1142,195,195
M10,2,10,elite,0,1758,580,98,158
M10,2,10,elite,1,2461,696,128,188
M10,2,10,elite,2,3515,870,158,218
M10,2,10,elite,3,4922,1072,188,248
M10,2,10,elite,4,7031,1333,218,278
M10,2,10,normal,0,1465,518,98,98
M10,2,10,normal,1,2051,621,128,128
M10,2,10,normal,2,2930,776,158,158
M10,2,10,normal,3,4101,958,188,188
M10,2,10,normal,4,5859,1190,218,218
M11,2,6,elite,0,1791,441,83,353
M11,2,6,elite,1,2507,529,113,383
M11,2,6,elite,2,3581,662,143,413
M11,2,6,elite,3,5014,816,173,443
M11,2,6,elite,4,7162,1015,203,473
M11,2,6,normal,0,1492,394,83,293
M11,2,6,normal,1,2089,473,113,323
M11,2,6,normal,2,2984,591,143,353
M11,2,6,normal,3,4178,729,173,383
M11,2,6,normal,4,5968,906,203,413
M11,2,8,elite,0,1945,461,98,368
M11,2,8,elite,1,2723,553,128,398
M11,2,8,elite,2,3890,691,158,428
M11,2,8,elite,3,5446,852,188,458
M11,2,8,elite,4,7780,1060,218,488
M11,2,8,normal,0,1621,411,98,308
M11,2,8,normal,1,2269,494,128,338
M11,2,8,normal,2,3242,617,158,368
M11,2,8,normal,3,4538,761,188,398
M11,2,8,normal,4,6483,946,218,428
M11,2,10,elite,0,2099,480,128,413
M11,2,10,elite,1,2939,576,158,443
M11,2,10,elite,2,4199,720,188,473
M11,2,10,elite,3,5879,889,218,503
M11,2,10,elite,4,8398,1105,248,533
M11,2,10,normal,0,1750,429,128,353
M11,2,10,normal,1,2449,515,158,383
M11,2,10,normal,2,3499,643,188,413
M11,2,10,normal,3,4899,793,218,443
M11,2,10,normal,4,6998,986,248,473
M12,2,6,elite,0,2382,198,107,314
M12,2,6,elite,1,3335,238,140,347
M12,2,6,elite,2,4764,298,173,380
M12,2,6,elite,3,6669,367,206,413
M12,2,6,elite,4,9527,456,239,446
M12,2,6,normal,0,1985,177,107,248
M12,2,6,normal,1,2779,213,140,281
M12,2,6,normal,2,3970,266,173,314
M12,2,6,normal,3,5558,328,206,347
M12,2,6,normal,4,7939,407,239,380
M12,2,8,elite,0,2587,207,124,330
M12,2,8,elite,1,3622,249,157,363
M12,2,8,elite,2,5175,311,190,396
M12,2,8,elite,3,7245,383,223,429
M12,2,8,elite,4,10349,477,256,462
M12,2,8,normal,0,2156,185,124,264
M12,2,8,normal,1,3019,222,157,297
M12,2,8,normal,2,4312,278,190,330
M12,2,8,normal,3,6037,342,223,363
M12,2,8,normal,4,8624,426,256,396
M12,2,10,elite,0,2793,216,157,371
M12,2,10,elite,1,3910,259,190,404
M12,2,10,elite,2,5586,324,223,437
M12,2,10,elite,3,7820,400,256,470
M12,2,10,elite,4,11171,497,289,503
M12,2,10,normal,0,2327,193,157,305
M12,2,10,normal,1,3258,231,190,338
M12,2,10,normal,2,4655,289,223,371
M12,2,10,normal,3,6517,357,256,404
M12,2,10,normal,4,9309,444,289,437
M13,2,6,elite,0,1349,475,60,120
M13,2,6,elite,1,1889,570,90,150
M13,2,6,elite,2,2698,713,120,180
M13,2,6,elite,3,3778,879,150,210
M13,2,6,elite,4,5397,1093,180,240
M13,2,6,normal,0,1124,424,60,60
M13,2,6,normal,1,1574,509,90,90
M13,2,6,normal,2,2249,637,120,120
M13,2,6,normal,3,3148,785,150,150
M13,2,6,normal,4,4497,976,180,180
M13,2,8,elite,0,1466,496,75,135
M13,2,8,elite,1,2052,596,105,165
M13,2,8,elite,2,2931,745,135,195
M13,2,8,elite,3,4104,918,165,225
M13,2,8,elite,4,5862,1142,195,255
M13,2,8,normal,0,1221,443,75,75
M13,2,8,normal,1,1710,532,105,105
M13,2,8,normal,2,2443,665,135,135
M13,2,8,normal,3,3420,820,165,165
M13,2,8,normal,4,4885,1020,195,195
M13,2,10,elite,0,1582,518,98,158
M13,2,10,elite,1,2215,621,128,188
M13,2,10,elite,2,3164,776,158,218
M13,2,10,elite,3,4429,958,188,248
M13,2,10,elite,4,6328,1190,218,278
M13,2,10,normal,0,1318,462,98,98
M13,2,10,normal,1,1846,555,128,128
M13,2,10,normal,2,2637,693,158,158
M13,2,10,normal,3,3691,855,188,188
M13,2,10,normal,4,5273,1063,218,218
M14,2,6,elite,0,1069,231,83,173
M14,2,6,elite,1,1496,278,113,203
M14,2,6,elite,2,2138,347,143,233
M14,2,6,elite,3,2993,428,173,263
M14,2,6,elite,4,4275,532,203,293
M14,2,6,normal,0,891,207,83,113
M14,2,6,normal,1,1247,248,113,143
M14,2,6,normal,2,1781,310,143,173
M14,2,6,normal,3,2494,382,173,203
M14,2,6,normal,4,3563,475,203,233
M14,2,8,elite,0,1161,242,98,188
M14,2,8,elite,1,1625,290,128,218
M14,2,8,elite,2,2322,363,158,248
M14,2,8,elite,3,3251,447,188,278
M14,2,8,elite,4,4644,556,218,308
M14,2,8,normal,0,967,216,98,128
M14,2,8,normal,1,1354,259,128,158
M14,2,8,normal,2,1935,324,158,188
M14,2,8,normal,3,2709,399,188,218
M14,2,8,normal,4,3870,496,218,248
M14,2,10,elite,0,1253,252,143,218
M14,2,10,elite,1,1754,302,173,248
M14,2,10,elite,2,2506,378,203,278
M14,2,10,elite,3,3509,466,233,308
M14,2,10,elite,4,5013,580,263,338
M14,2,10,normal,0,1044,225,143,158
M14,2,10,normal,1,1462,270,173,188
M14,2,10,normal,2,2089,338,203,218
M14,2,10,normal,3,2924,416,233,248
M14,2,10,normal,4,4177,518,263,278
M15,2,6,elite,0,1499,532,64,120
M15,2,6,elite,1,2099,639,94,150
M15,2,6,elite,2,2998,799,124,180
M15,2,6,elite,3,4197,985,154,210
M15,2,6,elite,4,5996,1224,184,240
M15,2,6,normal,0,1249,475,64,60
M15,2,6,normal,1,1749,570,94,90
M15,2,6,normal,2,2498,713,124,120
M15,2,6,normal,3,3498,879,154,150
M15,2,6,normal,4,4997,1093,184,180
M15,2,8,elite,0,1628,556,79,135
M15,2,8,elite,1,2280,667,109,165
M15,2,8,elite,2,3257,834,139,195
M15,2,8,elite,3,4559,1029,169,225
M15,2,8,elite,4,6514,1279,199,255
M15,2,8,normal,0,1357,496,79,75
M15,2,8,normal,1,1900,596,109,105
M15,2,8,normal,2,2714,745,139,135
M15,2,8,normal,3,3800,918,169,165
M15,2,8,normal,4,5428,1142,199,195
M15,2,10,elite,0,1758,580,101,158
M15,2,10,elite,1,2461,696,131,188
M15,2,10,elite,2,3515,870,161,218
M15,2,10,elite,3,4922,1072,191,248
M15,2,10,elite,4,7031,1333,221,278
M15,2,10,normal,0,1465,518,101,98
M15,2,10,normal,1,2051,621,131,128
M15,2,10,normal,2,2930,776,161,158
M15,2,10,normal,3,4101,958,191,188
M15,2,10,normal,4,5859,1190,221,218
M16,2,6,elite,0,2125,248,74,314
M16,2,6,elite,1,2975,298,107,347
M16,2,6,elite,2,4251,372,140,380
M16,2,6,elite,3,5951,459,173,413
M16,2,6,elite,4,8501,570,206,446
M16,2,6,normal,0,1771,221,74,248
M16,2,6,normal,1,2480,266,107,281
M16,2,6,normal,2,3542,332,140,314
M16,2,6,normal,3,4959,410,173,347
M16,2,6,normal,4,7084,509,206,380
M16,2,8,elite,0,2309,259,91,330
M16,2,8,elite,1,3232,311,124,363
M16,2,8,elite,2,4617,389,157,396
M16,2,8,elite,3,6464,479,190,429
M16,2,8,elite,4,9235,596,223,462
M16,2,8,normal,0,1924,231,91,264
M16,2,8,normal,1,2693,278,124,297
M16,2,8,normal,2,3848,347,157,330
M16,2,8,normal,3,5387,428,190,363
M16,2,8,normal,4,7696,532,223,396
M16,2,10,elite,0,2492,270,124,371
M16,2,10,elite,1,3489,324,157,404
M16,2,10,elite,2,4984,405,190,437
M16,2,10,elite,3,6978,500,223,470
M16,2,10,elite,4,9968,621,256,503
M16,2,10,normal,0,2077,241,124,305
M16,2,10,normal,1,2907,289,157,338
M16,2,10,normal,2,4153,362,190,371
M16,2,10,normal,3,5815,446,223,404
M16,2,10,normal,4,8307,555,256,437
M17,2,6,elite,0,2125,149,74,314
M17,2,6,elite,1,2975,179,107,347
M17,2,6,elite,2,4251,223,140,380
M17,2,6,elite,3,5951,275,173,413
M17,2,6,elite,4,8501,342,206,446
M17,2,6,normal,0,1771,133,74,248
M17,2,6,normal,1,2480,159,107,281
M17,2,6,normal,2,3542,199,140,314
M17,2,6,normal,3,4959,246,173,347
M17,2,6,normal,4,7084,306,206,380
M17,2,8,elite,0,2309,155,91,330
M17,2,8,elite,1,3232,187,124,363
M17,2,8,elite,2,4617,233,157,396
M17,2,8,elite,3,6464,288,190,429
M17,2,8,elite,4,9235,357,223,462
M17,2,8,normal,0,1924,139,91,264
M17,2,8,normal,1,2693,167,124,297
M17,2,8,normal,2,3848,208,157,330
M17,2,8,normal,3,5387,257,190,363
M17,2,8,normal,4,7696,319,223,396
M17,2,10,elite,0,2492,162,124,371
M17,2,10,elite,1,3489,194,157,404
M17,2,10,elite,2,4984,243,190,437
M17,2,10,elite,3,6978,300,223,470
M17,2,10,elite,4,9968,373,256,503
M17,2,10,normal,0,2077,145,124,305
M17,2,10,normal,1,2907,174,157,338
M17,2,10,normal,2,4153,217,190,371
M17,2,10,normal,3,5815,268,223,404
M17,2,10,normal,4,8307,333,256,437
M18,2,6,elite,0,3313,347,302,285
M18,2,6,elite,1,4638,417,336,319
M18,2,6,elite,2,6626,521,371,354
M18,2,6,elite,3,9276,642,405,388
M18,2,6,elite,4,13252,799,440,423
M18,2,6,normal,0,2761,310,302,216
M18,2,6,normal,1,3865,372,336,250
M18,2,6,normal,2,5522,465,371,285
M18,2,6,normal,3,7730,574,405,319
M18,2,6,normal,4,11043,713,440,354
M18,2,8,elite,0,3599,363,319,302
M18,2,8,elite,1,5038,435,354,336
M18,2,8,elite,2,7197,544,388,371
M18,2,8,elite,3,10076,671,423,405
M18,2,8,elite,4,14395,834,457,440
M18,2,8,normal,0,2999,324,319,233
M18,2,8,normal,1,4199,389,354,267
M18,2,8,normal,2,5998,486,388,302
M18,2,8,normal,3,8397,599,423,336
M18,2,8,normal,4,11996,745,457,371
M18,2,10,elite,0,3885,378,371,336
M18,2,10,elite,1,5438,454,405,371
M18,2,10,elite,2,7769,567,440,405
M18,2,10,elite,3,10877,699,474,440
M18,2,10,elite,4,15538,870,509,474
M18,2,10,normal,0,3237,338,371,267
M18,2,10,normal,1,4532,405,405,302
M18,2,10,normal,2,6474,506,440,336
M18,2,10,normal,3,9064,624,474,371
M18,2,10,normal,4,12949,776,509,405
M37,2,6,elite,0,1731,441,83,323
M37,2,6,elite,1,2423,529,113,353
M37,2,6,elite,2,3462,662,143,383
M37,2,6,elite,3,4846,816,173,413
M37,2,6,elite,4,6923,1015,203,443
M37,2,6,normal,0,1442,394,83,263
M37,2,6,normal,1,2019,473,113,293
M37,2,6,normal,2,2885,591,143,323
M37,2,6,normal,3,4039,729,173,353
M37,2,6,normal,4,5770,906,203,383
M37,2,8,elite,0,1880,461,98,338
M37,2,8,elite,1,2632,553,128,368
M37,2,8,elite,2,3760,691,158,398
M37,2,8,elite,3,5265,852,188,428
M37,2,8,elite,4,7521,1060,218,458
M37,2,8,normal,0,1567,411,98,278
M37,2,8,normal,1,2194,494,128,308
M37,2,8,normal,2,3134,617,158,338
M37,2,8,normal,3,4387,761,188,368
M37,2,8,normal,4,6267,946,218,398
M37,2,10,elite,0,2030,480,128,383
M37,2,10,elite,1,2841,576,158,413
M37,2,10,elite,2,4059,720,188,443
M37,2,10,elite,3,5683,889,218,473
M37,2,10,elite,4,8118,1105,248,503
M37,2,10,normal,0,1691,429,128,323
M37,2,10,normal,1,2368,515,158,353
M37,2,10,normal,2,3383,643,188,383
M37,2,10,normal,3,4736,793,218,413
M37,2,10,normal,4,6765,986,248,443
M38,2,6,elite,0,1731,441,83,323
M38,2,6,elite,1,2423,529,113,353
M38,2,6,elite,2,3462,662,143,383
M38,2,6,elite,3,4846,816,173,413
M38,2,6,elite,4,6923,1015,203,443
M38,2,6,normal,0,1442,394,83,263
M38,2,6,normal,1,2019,473,113,293
M38,2,6,normal,2,2885,591,143,323
M38,2,6,normal,3,4039,729,173,353
M38,2,6,normal,4,5770,906,203,383
M38,2,8,elite,0,1880,461,98,338
M38,2,8,elite,1,2632,553,128,368
M38,2,8,elite,2,3760,691,158,398
M38,2,8,elite,3,5265,852,188,428
M38,2,8,elite,4,7521,1060,218,458
M38,2,8,normal,0,1567,411,98,278
M38,2,8,normal,1,2194,494,128,308
M38,2,8,normal,2,3134,617,158,338
M38,2,8,normal,3,4387,761,188,368
M38,2,8,normal,4,6267,946,218,398
M38,2,10,elite,0,2030,480,128,383
M38,2,10,elite,1,2841,576,158,413
M38,2,10,elite,2,4059,720,188,443
M38,2,10,elite,3,5683,889,218,473
M38,2,10,elite,4,8118,1105,248,503
M38,2,10,normal,0,1691,429,128,323
M38,2,10,normal,1,2368,515,158,353
M38,2,10,normal,2,3383,643,188,383
M38,2,10,normal,3,4736,793,218,413
M38,2,10,normal,4,6765,986,248,443
M39,2,6,elite,0,3313,322,354,233
M39,2,6,elite,1,4638,387,388,267
M39,2,6,elite,2,6626,484,423,302
M39,2,6,elite,3,9276,596,457,336
M39,2,6,elite,4,13252,742,492,371
M39,2,6,normal,0,2761,288,354,164
M39,2,6,normal,1,3865,345,388,198
M39,2,6,normal,2,5522,432,423,233
M39,2,6,normal,3,7730,533,457,267
M39,2,6,normal,4,11043,662,492,302
M39,2,8,elite,0,3599,337,371,250
M39,2,8,elite,1,5038,404,405,285
M39,2,8,elite,2,7197,505,440,319
M39,2,8,elite,3,10076,623,474,354
M39,2,8,elite,4,14395,774,509,388
M39,2,8,normal,0,2999,301,371,181
M39,2,8,normal,1,4199,361,405,216
M39,2,8,normal,2,5998,451,440,250
M39,2,8,normal,3,8397,556,474,285
M39,2,8,normal,4,11996,692,509,319
M39,2,10,elite,0,3885,351,423,285
M39,2,10,elite,1,5438,421,457,319
M39,2,10,elite,2,7769,527,492,354
M39,2,10,elite,3,10877,649,526,388
M39,2,10,elite,4,15538,807,561,423
M39,2,10,normal,0,3237,313,423,216
M39,2,10,normal,1,4532,376,457,250
M39,2,10,normal,2,6474,470,492,285
M39,2,10,normal,3,9064,580,526,319
M39,2,10,normal,4,12949,721,561,354
BO03,3,15,boss,0,28168,315,220,220
BO03,3,15,boss,1,39435,378,250,250
BO03,3,15,boss,2,56336,473,280,280
BO03,3,15,boss,3,78870,583,310,310
BO03,3,15,boss,4,112672,725,340,340
M19,3,11,elite,0,2565,207,149,396
M19,3,11,elite,1,3591,249,182,429
M19,3,11,elite,2,5129,311,215,462
M19,3,11,elite,3,7181,383,248,495
M19,3,11,elite,4,10259,477,281,528
M19,3,11,normal,0,2137,185,149,330
M19,3,11,normal,1,2992,222,182,363
M19,3,11,normal,2,4274,277,215,396
M19,3,11,normal,3,5984,342,248,429
M19,3,11,normal,4,8549,425,281,462
M19,3,13,elite,0,2747,215,165,413
M19,3,13,elite,1,3845,259,198,446
M19,3,13,elite,2,5493,323,231,479
M19,3,13,elite,3,7691,399,264,512
M19,3,13,elite,4,10987,496,297,545
M19,3,13,normal,0,2289,192,165,347
M19,3,13,normal,1,3204,231,198,380
M19,3,13,normal,2,4578,289,231,413
M19,3,13,normal,3,6409,356,264,446
M19,3,13,normal,4,9155,442,297,479
M19,3,15,elite,0,2929,224,198,454
M19,3,15,elite,1,4100,269,231,487
M19,3,15,elite,2,5857,336,264,520
M19,3,15,elite,3,8200,414,297,553
M19,3,15,elite,4,11715,515,330,586
M19,3,15,normal,0,2441,200,198,388
M19,3,15,normal,1,3417,240,231,421
M19,3,15,normal,2,4881,300,264,454
M19,3,15,normal,3,6834,370,297,487
M19,3,15,normal,4,9762,459,330,520
M20,3,11,elite,0,2242,492,165,240
M20,3,11,elite,1,3139,590,195,270
M20,3,11,elite,2,4484,737,225,300
M20,3,11,elite,3,6277,910,255,330
M20,3,11,elite,4,8967,1131,285,360
M20,3,11,normal,0,1868,439,165,180
M20,3,11,normal,1,2615,527,195,210
M20,3,11,normal,2,3736,658,225,240
M20,3,11,normal,3,5231,812,255,270
M20,3,11,normal,4,7473,1010,285,300
M20,3,13,elite,0,2401,511,180,255
M20,3,13,elite,1,3361,614,210,285
M20,3,13,elite,2,4802,767,240,315
M20,3,13,elite,3,6723,946,270,345
M20,3,13,elite,4,9604,1176,300,375
M20,3,13,normal,0,2001,457,180,195
M20,3,13,normal,1,2801,548,210,225
M20,3,13,normal,2,4002,685,240,255
M20,3,13,normal,3,5602,845,270,285
M20,3,13,normal,4,8003,1050,300,315
M20,3,15,elite,0,2560,531,225,285
M20,3,15,elite,1,3584,637,255,315
M20,3,15,elite,2,5120,796,285,345
M20,3,15,elite,3,7168,982,315,375
M20,3,15,elite,4,10240,1221,345,405
M20,3,15,normal,0,2133,474,225,225
M20,3,15,normal,1,2987,569,255,255
M20,3,15,normal,2,4267,711,285,285
M20,3,15,normal,3,5973,877,315,315
M20,3,15,normal,4,8533,1090,345,345
M21,3,11,elite,0,3083,483,180,240
M21,3,11,elite,1,4316,580,210,270
M21,3,11,elite,2,6165,725,240,300
M21,3,11,elite,3,8631,894,270,330
M21,3,11,elite,4,12330,1112,300,360
M21,3,11,normal,0,2569,432,180,180
M21,3,11,normal,1,3596,518,210,210
M21,3,11,normal,2,5138,647,240,240
M21,3,11,normal,3,7193,799,270,270
M21,3,11,normal,4,10275,993,300,300
M21,3,13,elite,0,3301,503,195,255
M21,3,13,elite,1,4622,603,225,285
M21,3,13,elite,2,6603,754,255,315
M21,3,13,elite,3,9244,930,285,345
M21,3,13,elite,4,13205,1156,315,375
M21,3,13,normal,0,2751,449,195,195
M21,3,13,normal,1,3851,539,225,225
M21,3,13,normal,2,5502,673,255,255
M21,3,13,normal,3,7703,830,285,285
M21,3,13,normal,4,11004,1032,315,315
M21,3,15,elite,0,3520,522,240,285
M21,3,15,elite,1,4928,627,270,315
M21,3,15,elite,2,7040,783,300,345
M21,3,15,elite,3,9856,966,330,375
M21,3,15,elite,4,14080,1201,360,405
M21,3,15,normal,0,2933,466,240,225
M21,3,15,normal,1,4107,559,270,255
M21,3,15,normal,2,5867,699,300,285
M21,3,15,normal,3,8213,862,330,315
M21,3,15,normal,4,11733,1072,360,345
M22,3,11,elite,0,2410,526,150,435
M22,3,11,elite,1,3374,632,180,465
M22,3,11,elite,2,4820,790,210,495
M22,3,11,elite,3,6748,974,240,525
M22,3,11,elite,4,9640,1211,270,555
M22,3,11,normal,0,2008,470,150,375
M22,3,11,normal,1,2812,564,180,405
M22,3,11,normal,2,4017,705,210,435
M22,3,11,normal,3,5623,870,240,465
M22,3,11,normal,4,8033,1081,270,495
M22,3,13,elite,0,2581,547,165,450
M22,3,13,elite,1,3613,657,195,480
M22,3,13,elite,2,5162,821,225,510
M22,3,13,elite,3,7227,1013,255,540
M22,3,13,elite,4,10324,1259,285,570
M22,3,13,normal,0,2151,489,165,390
M22,3,13,normal,1,3011,587,195,420
M22,3,13,normal,2,4302,733,225,450
M22,3,13,normal,3,6022,904,255,480
M22,3,13,normal,4,8603,1124,285,510
M22,3,15,elite,0,2752,569,195,495
M22,3,15,elite,1,3853,682,225,525
M22,3,15,elite,2,5504,853,255,555
M22,3,15,elite,3,7706,1052,285,585
M22,3,15,elite,4,11008,1308,315,615
M22,3,15,normal,0,2293,508,195,435
M22,3,15,normal,1,3211,609,225,465
M22,3,15,normal,2,4587,761,255,495
M22,3,15,normal,3,6421,939,285,525
M22,3,15,normal,4,9173,1168,315,555
M23,3,11,elite,0,3288,380,195,240
M23,3,11,elite,1,4603,456,225,270
M23,3,11,elite,2,6576,570,255,300
M23,3,11,elite,3,9206,703,285,330
M23,3,11,elite,4,13152,874,315,360
M23,3,11,normal,0,2740,339,195,180
M23,3,11,normal,1,3836,407,225,210
M23,3,11,normal,2,5480,509,255,240
M23,3,11,normal,3,7672,627,285,270
M23,3,11,normal,4,10960,780,315,300
M23,3,13,elite,0,3521,395,210,255
M23,3,13,elite,1,4930,474,240,285
M23,3,13,elite,2,7043,593,270,315
M23,3,13,elite,3,9860,731,300,345
M23,3,13,elite,4,14085,909,330,375
M23,3,13,normal,0,2934,353,210,195
M23,3,13,normal,1,4108,423,240,225
M23,3,13,normal,2,5869,529,270,255
M23,3,13,normal,3,8216,652,300,285
M23,3,13,normal,4,11738,811,330,315
M23,3,15,elite,0,3755,410,255,285
M23,3,15,elite,1,5257,492,285,315
M23,3,15,elite,2,7509,615,315,345
M23,3,15,elite,3,10513,759,345,375
M23,3,15,elite,4,15019,944,375,405
M23,3,15,normal,0,3129,366,255,225
M23,3,15,normal,1,4380,440,285,255
M23,3,15,normal,2,6258,549,315,285
M23,3,15,normal,3,8761,678,345,315
M23,3,15,normal,4,12516,842,375,345
M24,3,11,elite,0,1928,570,135,435
M24,3,11,elite,1,2699,684,165,465
M24,3,11,elite,2,3856,855,195,495
M24,3,11,elite,3,5398,1055,225,525
M24,3,11,elite,4,7712,1312,255,555
M24,3,11,normal,0,1607,509,135,375
M24,3,11,normal,1,2249,611,165,405
M24,3,11,normal,2,3213,764,195,435
M24,3,11,normal,3,4499,942,225,465
M24,3,11,normal,4,6427,1171,255,495
M24,3,13,elite,0,2065,593,150,450
M24,3,13,elite,1,2891,712,180,480
M24,3,13,elite,2,4130,890,210,510
M24,3,13,elite,3,5781,1097,240,540
M24,3,13,elite,4,8259,1364,270,570
M24,3,13,normal,0,1721,530,150,390
M24,3,13,normal,1,2409,635,180,420
M24,3,13,normal,2,3441,794,210,450
M24,3,13,normal,3,4818,980,240,480
M24,3,13,normal,4,6883,1218,270,510
M24,3,15,elite,0,2202,616,180,495
M24,3,15,elite,1,3082,739,210,525
M24,3,15,elite,2,4403,924,240,555
M24,3,15,elite,3,6165,1139,270,585
M24,3,15,elite,4,8806,1417,300,615
M24,3,15,normal,0,1835,550,180,435
M24,3,15,normal,1,2569,660,210,465
M24,3,15,normal,2,3669,825,240,495
M24,3,15,normal,3,5137,1017,270,525
M24,3,15,normal,4,7339,1265,300,555
M25,3,11,elite,0,4916,385,466,362
M25,3,11,elite,1,6883,462,500,397
M25,3,11,elite,2,9833,577,535,431
M25,3,11,elite,3,13766,712,569,466
M25,3,11,elite,4,19665,885,604,500
M25,3,11,normal,0,4097,344,466,293
M25,3,11,normal,1,5736,412,500,328
M25,3,11,normal,2,8194,515,535,362
M25,3,11,normal,3,11471,636,569,397
M25,3,11,normal,4,16388,790,604,431
M25,3,13,elite,0,5265,400,483,380
M25,3,13,elite,1,7371,480,518,414
M25,3,13,elite,2,10530,600,552,449
M25,3,13,elite,3,14743,740,587,483
M25,3,13,elite,4,21061,920,621,518
M25,3,13,normal,0,4388,357,483,311
M25,3,13,normal,1,6143,429,518,345
M25,3,13,normal,2,8775,536,552,380
M25,3,13,normal,3,12285,661,587,414
M25,3,13,normal,4,17551,822,621,449
M25,3,15,elite,0,5614,416,535,414
M25,3,15,elite,1,7860,499,569,449
M25,3,15,elite,2,11228,623,604,483
M25,3,15,elite,3,15720,769,638,518
M25,3,15,elite,4,22456,956,673,552
M25,3,15,normal,0,4678,371,535,345
M25,3,15,normal,1,6550,445,569,380
M25,3,15,normal,2,9357,557,604,414
M25,3,15,normal,3,13100,686,638,449
M25,3,15,normal,4,18714,853,673,483
M26,3,11,elite,0,4916,385,466,362
M26,3,11,elite,1,6883,462,500,397
M26,3,11,elite,2,9833,577,535,431
M26,3,11,elite,3,13766,712,569,466
M26,3,11,elite,4,19665,885,604,500
M26,3,11,normal,0,4097,344,466,293
M26,3,11,normal,1,5736,412,500,328
M26,3,11,normal,2,8194,515,535,362
M26,3,11,normal,3,11471,636,569,397
M26,3,11,normal,4,16388,790,604,431
M26,3,13,elite,0,5265,400,483,380
M26,3,13,elite,1,7371,480,518,414
M26,3,13,elite,2,10530,600,552,449
M26,3,13,elite,3,14743,740,587,483
M26,3,13,elite,4,21061,920,621,518
M26,3,13,normal,0,4388,357,483,311
M26,3,13,normal,1,6143,429,518,345
M26,3,13,normal,2,8775,536,552,380
M26,3,13,normal,3,12285,661,587,414
M26,3,13,normal,4,17551,822,621,449
M26,3,15,elite,0,5614,416,535,414
M26,3,15,elite,1,7860,499,569,449
M26,3,15,elite,2,11228,623,604,483
M26,3,15,elite,3,15720,769,638,518
M26,3,15,elite,4,22456,956,673,552
M26,3,15,normal,0,4678,371,535,345
M26,3,15,normal,1,6550,445,569,380
M26,3,15,normal,2,9357,557,604,414
M26,3,15,normal,3,13100,686,638,449
M26,3,15,normal,4,18714,853,673,483
M27,3,11,elite,0,3083,483,165,240
M27,3,11,elite,1,4316,580,195,270
M27,3,11,elite,2,6165,725,225,300
M27,3,11,elite,3,8631,894,255,330
M27,3,11,elite,4,12330,1112,285,360
M27,3,11,normal,0,2569,432,165,180
M27,3,11,normal,1,3596,518,195,210
M27,3,11,normal,2,5138,647,225,240
M27,3,11,normal,3,7193,799,255,270
M27,3,11,normal,4,10275,993,285,300
M27,3,13,elite,0,3301,503,180,255
M27,3,13,elite,1,4622,603,210,285
M27,3,13,elite,2,6603,754,240,315
M27,3,13,elite,3,9244,930,270,345
M27,3,13,elite,4,13205,1156,300,375
M27,3,13,normal,0,2751,449,180,195
M27,3,13,normal,1,3851,539,210,225
M27,3,13,normal,2,5502,673,240,255
M27,3,13,normal,3,7703,830,270,285
M27,3,13,normal,4,11004,1032,300,315
M27,3,15,elite,0,3520,522,225,285
M27,3,15,elite,1,4928,627,255,315
M27,3,15,elite,2,7040,783,285,345
M27,3,15,elite,3,9856,966,315,375
M27,3,15,elite,4,14080,1201,345,405
M27,3,15,normal,0,2933,466,225,225
M27,3,15,normal,1,4107,559,255,255
M27,3,15,normal,2,5867,699,285,285
M27,3,15,normal,3,8213,862,315,315
M27,3,15,normal,4,11733,1072,345,345
M40,3,11,elite,0,2330,526,150,405
M40,3,11,elite,1,3261,632,180,435
M40,3,11,elite,2,4659,790,210,465
M40,3,11,elite,3,6523,974,240,495
M40,3,11,elite,4,9319,1211,270,525
M40,3,11,normal,0,1941,470,150,345
M40,3,11,normal,1,2718,564,180,375
M40,3,11,normal,2,3883,705,210,405
M40,3,11,normal,3,5436,870,240,435
M40,3,11,normal,4,7765,1081,270,465
M40,3,13,elite,0,2495,547,165,420
M40,3,13,elite,1,3493,657,195,450
M40,3,13,elite,2,4990,821,225,480
M40,3,13,elite,3,6986,1013,255,510
M40,3,13,elite,4,9980,1259,285,540
M40,3,13,normal,0,2079,489,165,360
M40,3,13,normal,1,2911,587,195,390
M40,3,13,normal,2,4158,733,225,420
M40,3,13,normal,3,5822,904,255,450
M40,3,13,normal,4,8317,1124,285,480
M40,3,15,elite,0,2660,569,195,465
M40,3,15,elite,1,3724,682,225,495
M40,3,15,elite,2,5321,853,255,525
M40,3,15,elite,3,7449,1052,285,555
M40,3,15,elite,4,10641,1308,315,585
M40,3,15,normal,0,2217,508,195,405
M40,3,15,normal,1,3104,609,225,435
M40,3,15,normal,2,4434,761,255,465
M40,3,15,normal,3,6207,939,285,495
M40,3,15,normal,4,8868,1168,315,525
M41,3,11,elite,0,2330,526,150,405
M41,3,11,elite,1,3261,632,180,435
M41,3,11,elite,2,4659,790,210,465
M41,3,11,elite,3,6523,974,240,495
M41,3,11,elite,4,9319,1211,270,525
M41,3,11,normal,0,1941,470,150,345
M41,3,11,normal,1,2718,564,180,375
M41,3,11,normal,2,3883,705,210,405
M41,3,11,normal,3,5436,870,240,435
M41,3,11,normal,4,7765,1081,270,465
M41,3,13,elite,0,2495,547,165,420
M41,3,13,elite,1,3493,657,195,450
M41,3,13,elite,2,4990,821,225,480
M41,3,13,elite,3,6986,1013,255,510
M41,3,13,elite,4,9980,1259,285,540
M41,3,13,normal,0,2079,489,165,360
M41,3,13,normal,1,2911,587,195,390
M41,3,13,normal,2,4158,733,225,420
M41,3,13,normal,3,5822,904,255,450
M41,3,13,normal,4,8317,1124,285,480
M41,3,15,elite,0,2660,569,195,465
M41,3,15,elite,1,3724,682,225,495
M41,3,15,elite,2,5321,853,255,525
M41,3,15,elite,3,7449,1052,285,555
M41,3,15,elite,4,10641,1308,315,585
M41,3,15,normal,0,2217,508,195,405
M41,3,15,normal,1,3104,609,225,435
M41,3,15,normal,2,4434,761,255,465
M41,3,15,normal,3,6207,939,285,495
M41,3,15,normal,4,8868,1168,315,525
M42,3,11,elite,0,4459,385,449,311
M42,3,11,elite,1,6243,462,483,345
M42,3,11,elite,2,8918,577,518,380
M42,3,11,elite,3,12485,712,552,414
M42,3,11,elite,4,17836,885,587,449
M42,3,11,normal,0,3716,344,449,242
M42,3,11,normal,1,5202,412,483,276
M42,3,11,normal,2,7432,515,518,311
M42,3,11,normal,3,10404,636,552,345
M42,3,11,normal,4,14863,790,587,380
M42,3,13,elite,0,4775,400,466,328
M42,3,13,elite,1,6686,480,500,362
M42,3,13,elite,2,9551,600,535,397
M42,3,13,elite,3,13371,740,569,431
M42,3,13,elite,4,19102,920,604,466
M42,3,13,normal,0,3980,357,466,259
M42,3,13,normal,1,5571,429,500,293
M42,3,13,normal,2,7959,536,535,328
M42,3,13,normal,3,11143,661,569,362
M42,3,13,normal,4,15918,822,604,397
M42,3,15,elite,0,5092,416,518,362
M42,3,15,elite,1,7129,499,552,397
M42,3,15,elite,2,10184,623,587,431
M42,3,15,elite,3,14257,769,621,466
M42,3,15,elite,4,20367,956,656,500
M42,3,15,normal,0,4243,371,518,293
M42,3,15,normal,1,5941,445,552,328
M42,3,15,normal,2,8486,557,587,362
M42,3,15,normal,3,11881,686,621,397
M42,3,15,normal,4,16973,853,656,431
M43,3,11,elite,0,3206,326,198,363
M43,3,11,elite,1,4488,391,231,396
M43,3,11,elite,2,6412,488,264,429
M43,3,11,elite,3,8976,602,297,462
M43,3,11,elite,4,12823,749,330,495
M43,3,11,normal,0,2672,291,198,297
M43,3,11,normal,1,3740,349,231,330
M43,3,11,normal,2,5343,436,264,363
M43,3,11,normal,3,7480,538,297,396
M43,3,11,normal,4,10686,669,330,429
M43,3,13,elite,0,3433,339,215,380
M43,3,13,elite,1,4807,406,248,413
M43,3,13,elite,2,6867,508,281,446
M43,3,13,elite,3,9613,626,314,479
M43,3,13,elite,4,13733,779,347,512
M43,3,13,normal,0,2861,302,215,314
M43,3,13,normal,1,4006,363,248,347
M43,3,13,normal,2,5722,453,281,380
M43,3,13,normal,3,8011,559,314,413
M43,3,13,normal,4,11444,695,347,446
M43,3,15,elite,0,3661,352,248,421
M43,3,15,elite,1,5125,422,281,454
M43,3,15,elite,2,7322,527,314,487
M43,3,15,elite,3,10250,650,347,520
M43,3,15,elite,4,14643,809,380,553
M43,3,15,normal,0,3051,314,248,355
M43,3,15,normal,1,4271,377,281,388
M43,3,15,normal,2,6101,471,314,421
M43,3,15,normal,3,8542,581,347,454
M43,3,15,normal,4,12203,722,380,487
M44,3,11,elite,0,1614,590,124,225
M44,3,11,elite,1,2260,708,154,255
M44,3,11,elite,2,3228,885,184,285
M44,3,11,elite,3,4520,1091,214,315
M44,3,11,elite,4,6456,1357,244,345
M44,3,11,normal,0,1345,527,124,165
M44,3,11,normal,1,1883,632,154,195
M44,3,11,normal,2,2690,790,184,225
M44,3,11,normal,3,3766,975,214,255
M44,3,11,normal,4,5380,1212,244,285
M44,3,13,elite,0,1729,614,139,240
M44,3,13,elite,1,2420,736,169,270
M44,3,13,elite,2,3457,920,199,300
M44,3,13,elite,3,4840,1135,229,330
M44,3,13,elite,4,6915,1411,259,360
M44,3,13,normal,0,1441,548,139,180
M44,3,13,normal,1,2017,657,169,210
M44,3,13,normal,2,2881,822,199,240
M44,3,13,normal,3,4034,1013,229,270
M44,3,13,normal,4,5762,1260,259,300
M44,3,15,elite,0,1843,637,161,263
M44,3,15,elite,1,2580,765,191,293
M44,3,15,elite,2,3686,956,221,323
M44,3,15,elite,3,5161,1179,251,353
M44,3,15,elite,4,7373,1465,281,383
M44,3,15,normal,0,1536,569,161,203
M44,3,15,normal,1,2150,683,191,233
M44,3,15,normal,2,3072,853,221,263
M44,3,15,normal,3,4301,1052,251,293
M44,3,15,normal,4,6144,1308,281,323
M45,3,11,elite,0,3206,326,198,363
M45,3,11,elite,1,4488,391,231,396
M45,3,11,elite,2,6412,488,264,429
M45,3,11,elite,3,8976,602,297,462
M45,3,11,elite,4,12823,749,330,495
M45,3,11,normal,0,2672,291,198,297
M45,3,11,normal,1,3740,349,231,330
M45,3,11,normal,2,5343,436,264,363
M45,3,11,normal,3,7480,538,297,396
M45,3,11,normal,4,10686,669,330,429
M45,3,13,elite,0,3433,339,215,380
M45,3,13,elite,1,4807,406,248,413
M45,3,13,elite,2,6867,508,281,446
M45,3,13,elite,3,9613,626,314,479
M45,3,13,elite,4,13733,779,347,512
M45,3,13,normal,0,2861,302,215,314
M45,3,13,normal,1,4006,363,248,347
M45,3,13,normal,2,5722,453,281,380
M45,3,13,normal,3,8011,559,314,413
M45,3,13,normal,4,11444,695,347,446
M45,3,15,elite,0,3661,352,248,421
M45,3,15,elite,1,5125,422,281,454
M45,3,15,elite,2,7322,527,314,487
M45,3,15,elite,3,10250,650,347,520
M45,3,15,elite,4,14643,809,380,553
M45,3,15,normal,0,3051,314,248,355
M45,3,15,normal,1,4271,377,281,388
M45,3,15,normal,2,6101,471,314,421
M45,3,15,normal,3,8542,581,347,454
M45,3,15,normal,4,12203,722,380,487
BO04,4,20,boss,0,34517,352,240,240
BO04,4,20,boss,1,48324,422,270,270
BO04,4,20,boss,2,69034,528,300,300
BO04,4,20,boss,3,96648,651,330,330
BO04,4,20,boss,4,138068,810,360,360
M28,4,16,elite,0,1216,667,180,240
M28,4,16,elite,1,1702,800,210,270
M28,4,16,elite,2,2432,1001,240,300
M28,4,16,elite,3,3405,1234,270,330
M28,4,16,elite,4,4864,1534,300,360
M28,4,16,normal,0,1013,596,180,180
M28,4,16,normal,1,1419,715,210,210
M28,4,16,normal,2,2027,893,240,240
M28,4,16,normal,3,2837,1102,270,270
M28,4,16,normal,4,4053,1370,300,300
M28,4,18,elite,0,1289,691,195,255
M28,4,18,elite,1,1805,830,225,285
M28,4,18,elite,2,2578,1037,255,315
M28,4,18,elite,3,3610,1279,285,345
M28,4,18,elite,4,5157,1590,315,375
M28,4,18,normal,0,1074,617,195,195
M28,4,18,normal,1,1504,741,225,225
M28,4,18,normal,2,2149,926,255,255
M28,4,18,normal,3,3008,1142,285,285
M28,4,18,normal,4,4297,1420,315,315
M28,4,20,elite,0,1362,716,210,270
M28,4,20,elite,1,1907,859,240,300
M28,4,20,elite,2,2725,1073,270,330
M28,4,20,elite,3,3815,1324,300,360
M28,4,20,elite,4,5450,1646,330,390
M28,4,20,normal,0,1135,639,210,210
M28,4,20,normal,1,1590,767,240,240
M28,4,20,normal,2,2271,958,270,270
M28,4,20,normal,3,3179,1182,300,300
M28,4,20,normal,4,4542,1469,330,330
M29,4,16,elite,0,2345,667,180,240
M29,4,16,elite,1,3283,800,210,270
M29,4,16,elite,2,4690,1001,240,300
M29,4,16,elite,3,6566,1234,270,330
M29,4,16,elite,4,9380,1534,300,360
M29,4,16,normal,0,1954,596,180,180
M29,4,16,normal,1,2736,715,210,210
M29,4,16,normal,2,3908,893,240,240
M29,4,16,normal,3,5472,1102,270,270
M29,4,16,normal,4,7817,1370,300,300
M29,4,18,elite,0,2486,691,195,255
M29,4,18,elite,1,3481,830,225,285
M29,4,18,elite,2,4973,1037,255,315
M29,4,18,elite,3,6962,1279,285,345
M29,4,18,elite,4,9945,1590,315,375
M29,4,18,normal,0,2072,617,195,195
M29,4,18,normal,1,2901,741,225,225
M29,4,18,normal,2,4144,926,255,255
M29,4,18,normal,3,5801,1142,285,285
M29,4,18,normal,4,8288,1420,315,315
M29,4,20,elite,0,2628,716,210,270
M29,4,20,elite,1,3679,859,240,300
M29,4,20,elite,2,5255,1073,270,330
M29,4,20,elite,3,7357,1324,300,360
M29,4,20,elite,4,10511,1646,330,390
M29,4,20,normal,0,2190,639,210,210
M29,4,20,normal,1,3066,767,240,240
M29,4,20,normal,2,4379,958,270,270
M29,4,20,normal,3,6131,1182,300,300
M29,4,20,normal,4,8759,1469,330,330
M30,4,16,elite,0,3312,244,223,479
M30,4,16,elite,1,4637,292,256,512
M30,4,16,elite,2,6624,365,289,545
M30,4,16,elite,3,9273,451,322,578
M30,4,16,elite,4,13248,560,355,611
M30,4,16,normal,0,2760,218,223,413
M30,4,16,normal,1,3864,261,256,446
M30,4,16,normal,2,5520,326,289,479
M30,4,16,normal,3,7728,402,322,512
M30,4,16,normal,4,11040,500,355,545
M30,4,18,elite,0,3512,252,239,495
M30,4,18,elite,1,4916,303,272,528
M30,4,18,elite,2,7023,379,305,561
M30,4,18,elite,3,9832,467,338,594
M30,4,18,elite,4,14046,581,371,627
M30,4,18,normal,0,2926,225,239,429
M30,4,18,normal,1,4097,271,272,462
M30,4,18,normal,2,5853,338,305,495
M30,4,18,normal,3,8194,417,338,528
M30,4,18,normal,4,11705,518,371,561
M30,4,20,elite,0,3711,261,256,512
M30,4,20,elite,1,5196,314,289,545
M30,4,20,elite,2,7422,392,322,578
M30,4,20,elite,3,10391,483,355,611
M30,4,20,elite,4,14845,601,388,644
M30,4,20,normal,0,3093,233,256,446
M30,4,20,normal,1,4330,280,289,479
M30,4,20,normal,2,6185,350,322,512
M30,4,20,normal,3,8659,432,355,545
M30,4,20,normal,4,12370,537,388,578
M31,4,16,elite,0,2490,671,203,518
M31,4,16,elite,1,3486,805,233,548
M31,4,16,elite,2,4979,1006,263,578
M31,4,16,elite,3,6971,1241,293,608
M31,4,16,elite,4,9959,1542,323,638
M31,4,16,normal,0,2075,599,203,458
M31,4,16,normal,1,2905,719,233,488
M31,4,16,normal,2,4150,898,263,518
M31,4,16,normal,3,5809,1108,293,548
M31,4,16,normal,4,8299,1377,323,578
M31,4,18,elite,0,2640,695,218,533
M31,4,18,elite,1,3696,834,248,563
M31,4,18,elite,2,5280,1042,278,593
M31,4,18,elite,3,7391,1286,308,623
M31,4,18,elite,4,10559,1598,338,653
M31,4,18,normal,0,2200,621,218,473
M31,4,18,normal,1,3080,745,248,503
M31,4,18,normal,2,4400,931,278,533
M31,4,18,normal,3,6159,1148,308,563
M31,4,18,normal,4,8799,1427,338,593
M31,4,20,elite,0,2790,719,233,548
M31,4,20,elite,1,3906,863,263,578
M31,4,20,elite,2,5580,1079,293,608
M31,4,20,elite,3,7812,1331,323,638
M31,4,20,elite,4,11159,1655,353,668
M31,4,20,normal,0,2325,642,233,488
M31,4,20,normal,1,3255,771,263,518
M31,4,20,normal,2,4650,963,293,548
M31,4,20,normal,3,6510,1188,323,578
M31,4,20,normal,4,9299,1477,353,608
M32,4,16,elite,0,2606,747,184,240
M32,4,16,elite,1,3648,897,214,270
M32,4,16,elite,2,5211,1121,244,300
M32,4,16,elite,3,7295,1382,274,330
M32,4,16,elite,4,10422,1718,304,360
M32,4,16,normal,0,2171,667,184,180
M32,4,16,normal,1,3040,800,214,210
M32,4,16,normal,2,4343,1001,244,240
M32,4,16,normal,3,6080,1234,274,270
M32,4,16,normal,4,8685,1534,304,300
M32,4,18,elite,0,2763,774,199,255
M32,4,18,elite,1,3868,929,229,285
M32,4,18,elite,2,5525,1161,259,315
M32,4,18,elite,3,7735,1432,289,345
M32,4,18,elite,4,11050,1781,319,375
M32,4,18,normal,0,2302,691,199,195
M32,4,18,normal,1,3223,830,229,225
M32,4,18,normal,2,4604,1037,259,255
M32,4,18,normal,3,6446,1279,289,285
M32,4,18,normal,4,9208,1590,319,315
M32,4,20,elite,0,2920,801,214,270
M32,4,20,elite,1,4087,962,244,300
M32,4,20,elite,2,5839,1202,274,330
M32,4,20,elite,3,8175,1483,304,360
M32,4,20,elite,4,11678,1843,334,390
M32,4,20,normal,0,2433,716,214,210
M32,4,20,normal,1,3406,859,244,240
M32,4,20,normal,2,4866,1073,274,270
M32,4,20,normal,3,6812,1324,304,300
M32,4,20,normal,4,9732,1646,334,330
M33,4,16,elite,0,4968,487,289,479
M33,4,16,elite,1,6955,585,322,512
M33,4,16,elite,2,9936,731,355,545
M33,4,16,elite,3,13910,901,388,578
M33,4,16,elite,4,19871,1121,421,611
M33,4,16,normal,0,4140,435,289,413
M33,4,16,normal,1,5796,522,322,446
M33,4,16,normal,2,8280,653,355,479
M33,4,16,normal,3,11592,805,388,512
M33,4,16,normal,4,16559,1001,421,545
M33,4,18,elite,0,5267,505,305,495
M33,4,18,elite,1,7374,606,338,528
M33,4,18,elite,2,10535,757,371,561
M33,4,18,elite,3,14748,934,404,594
M33,4,18,elite,4,21069,1161,437,627
M33,4,18,normal,0,4389,451,305,429
M33,4,18,normal,1,6145,541,338,462
M33,4,18,normal,2,8779,676,371,495
M33,4,18,normal,3,12290,834,404,528
M33,4,18,normal,4,17558,1037,437,561
M33,4,20,elite,0,5567,523,322,512
M33,4,20,elite,1,7793,627,355,545
M33,4,20,elite,2,11133,784,388,578
M33,4,20,elite,3,15587,967,421,611
M33,4,20,elite,4,22267,1202,454,644
M33,4,20,normal,0,4639,467,322,446
M33,4,20,normal,1,6494,560,355,479
M33,4,20,normal,2,9278,700,388,512
M33,4,20,normal,3,12989,863,421,545
M33,4,20,normal,4,18556,1073,454,578
M34,4,16,elite,0,6349,452,561,440
M34,4,16,elite,1,8888,543,595,474
M34,4,16,elite,2,12697,679,630,509
M34,4,16,elite,3,17776,837,664,543
M34,4,16,elite,4,25395,1041,699,578
M34,4,16,normal,0,5291,404,561,371
M34,4,16,normal,1,7407,485,595,405
M34,4,16,normal,2,10581,606,630,440
M34,4,16,normal,3,14814,747,664,474
M34,4,16,normal,4,21162,929,699,509
M34,4,18,elite,0,6731,469,578,457
M34,4,18,elite,1,9424,563,612,492
M34,4,18,elite,2,13463,703,647,526
M34,4,18,elite,3,18848,867,681,561
M34,4,18,elite,4,26926,1078,716,595
M34,4,18,normal,0,5610,419,578,388
M34,4,18,normal,1,7853,502,612,423
M34,4,18,normal,2,11219,628,647,457
M34,4,18,normal,3,15707,774,681,492
M34,4,18,normal,4,22438,963,716,526
M34,4,20,elite,0,7114,485,595,474
M34,4,20,elite,1,9960,582,630,509
M34,4,20,elite,2,14228,728,664,543
M34,4,20,elite,3,19919,898,699,578
M34,4,20,elite,4,28456,1116,733,612
M34,4,20,normal,0,5928,433,595,405
M34,4,20,normal,1,8300,520,630,440
M34,4,20,normal,2,11857,650,664,474
M34,4,20,normal,3,16600,802,699,509
M34,4,20,normal,4,23714,997,733,543
M35,4,16,elite,0,3694,348,223,479
M35,4,16,elite,1,5172,418,256,512
M35,4,16,elite,2,7388,522,289,545
M35,4,16,elite,3,10343,644,322,578
M35,4,16,elite,4,14776,800,355,611
M35,4,16,normal,0,3078,311,223,413
M35,4,16,normal,1,4310,373,256,446
M35,4,16,normal,2,6157,466,289,479
M35,4,16,normal,3,8619,575,322,512
M35,4,16,normal,4,12313,715,355,545
M35,4,18,elite,0,3917,361,239,495
M35,4,18,elite,1,5483,433,272,528
M35,4,18,elite,2,7833,541,305,561
M35,4,18,elite,3,10967,667,338,594
M35,4,18,elite,4,15667,830,371,627
M35,4,18,normal,0,3264,322,239,429
M35,4,18,normal,1,4569,386,272,462
M35,4,18,normal,2,6528,483,305,495
M35,4,18,normal,3,9139,596,338,528
M35,4,18,normal,4,13056,741,371,561
M35,4,20,elite,0,4139,373,256,512
M35,4,20,elite,1,5795,448,289,545
M35,4,20,elite,2,8279,560,322,578
M35,4,20,elite,3,11590,691,355,611
M35,4,20,elite,4,16557,859,388,644
M35,4,20,normal,0,3449,333,256,446
M35,4,20,normal,1,4829,400,289,479
M35,4,20,normal,2,6899,500,322,512
M35,4,20,normal,3,9658,617,355,545
M35,4,20,normal,4,13798,767,388,578
M36,4,16,elite,0,1971,752,203,518
M36,4,16,elite,1,2759,902,233,548
M36,4,16,elite,2,3942,1127,263,578
M36,4,16,elite,3,5519,1390,293,608
M36,4,16,elite,4,7884,1729,323,638
M36,4,16,normal,0,1643,671,203,458
M36,4,16,normal,1,2300,805,233,488
M36,4,16,normal,2,3285,1007,263,518
M36,4,16,normal,3,4599,1241,293,548
M36,4,16,normal,4,6570,1543,323,578
M36,4,18,elite,0,2090,779,218,533
M36,4,18,elite,1,2926,935,248,563
M36,4,18,elite,2,4180,1168,278,593
M36,4,18,elite,3,5851,1441,308,623
M36,4,18,elite,4,8359,1791,338,653
M36,4,18,normal,0,1742,695,218,473
M36,4,18,normal,1,2438,835,248,503
M36,4,18,normal,2,3483,1043,278,533
M36,4,18,normal,3,4876,1287,308,563
M36,4,18,normal,4,6966,1599,338,593
M36,4,20,elite,0,2209,806,233,548
M36,4,20,elite,1,3092,967,263,578
M36,4,20,elite,2,4417,1209,293,608
M36,4,20,elite,3,6184,1491,323,638
M36,4,20,elite,4,8834,1854,353,668
M36,4,20,normal,0,1841,720,233,488
M36,4,20,normal,1,2577,864,263,518
M36,4,20,normal,2,3681,1080,293,548
M36,4,20,normal,3,5153,1332,323,578
M36,4,20,normal,4,7362,1656,353,608
M46,4,16,elite,0,4101,578,308,323
M46,4,16,elite,1,5742,694,338,353
M46,4,16,elite,2,8203,867,368,383
M46,4,16,elite,3,11484,1069,398,413
M46,4,16,elite,4,16405,1330,428,443
M46,4,16,normal,0,3418,516,308,263
M46,4,16,normal,1,4785,619,338,293
M46,4,16,normal,2,6835,774,368,323
M46,4,16,normal,3,9570,955,398,353
M46,4,16,normal,4,13671,1187,428,383
M46,4,18,elite,0,4348,599,323,338
M46,4,18,elite,1,6088,719,353,368
M46,4,18,elite,2,8697,899,383,398
M46,4,18,elite,3,12176,1108,413,428
M46,4,18,elite,4,17394,1378,443,458
M46,4,18,normal,0,3624,535,323,278
M46,4,18,normal,1,5073,642,353,308
M46,4,18,normal,2,7247,802,383,338
M46,4,18,normal,3,10146,990,413,368
M46,4,18,normal,4,14495,1230,443,398
M46,4,20,elite,0,4596,620,338,353
M46,4,20,elite,1,6434,744,368,383
M46,4,20,elite,2,9191,930,398,413
M46,4,20,elite,3,12868,1147,428,443
M46,4,20,elite,4,18383,1426,458,473
M46,4,20,normal,0,3830,554,338,293
M46,4,20,normal,1,5362,664,368,323
M46,4,20,normal,2,7659,831,398,353
M46,4,20,normal,3,10723,1024,428,383
M46,4,20,normal,4,15319,1274,458,413
M47,4,16,elite,0,4511,528,308,323
M47,4,16,elite,1,6316,633,338,353
M47,4,16,elite,2,9023,792,368,383
M47,4,16,elite,3,12632,976,398,413
M47,4,16,elite,4,18046,1214,428,443
M47,4,16,normal,0,3759,471,308,263
M47,4,16,normal,1,5263,566,338,293
M47,4,16,normal,2,7519,707,368,323
M47,4,16,normal,3,10527,872,398,353
M47,4,16,normal,4,15038,1084,428,383
M47,4,18,elite,0,4783,547,323,338
M47,4,18,elite,1,6697,656,353,368
M47,4,18,elite,2,9567,821,383,398
M47,4,18,elite,3,13393,1012,413,428
M47,4,18,elite,4,19133,1258,443,458
M47,4,18,normal,0,3986,488,323,278
M47,4,18,normal,1,5581,586,353,308
M47,4,18,normal,2,7972,733,383,338
M47,4,18,normal,3,11161,904,413,368
M47,4,18,normal,4,15944,1123,443,398
M47,4,20,elite,0,5055,566,338,353
M47,4,20,elite,1,7077,679,368,383
M47,4,20,elite,2,10110,849,398,413
M47,4,20,elite,3,14155,1048,428,443
M47,4,20,elite,4,20221,1302,458,473
M47,4,20,normal,0,4213,506,338,293
M47,4,20,normal,1,5898,607,368,323
M47,4,20,normal,2,8425,758,398,353
M47,4,20,normal,3,11796,935,428,383
M47,4,20,normal,4,16851,1163,458,413
M48,4,16,elite,0,4140,383,272,446
M48,4,16,elite,1,5796,459,305,479
M48,4,16,elite,2,8280,574,338,512
M48,4,16,elite,3,11592,708,371,545
M48,4,16,elite,4,16559,881,404,578
M48,4,16,normal,0,3450,342,272,380
M48,4,16,normal,1,4830,410,305,413
M48,4,16,normal,2,6900,513,338,446
M48,4,16,normal,3,9660,632,371,479
M48,4,16,normal,4,13800,786,404,512
M48,4,18,elite,0,4389,397,289,462
M48,4,18,elite,1,6145,476,322,495
M48,4,18,elite,2,8779,595,355,528
M48,4,18,elite,3,12290,734,388,561
M48,4,18,elite,4,17558,913,421,594
M48,4,18,normal,0,3658,354,289,396
M48,4,18,normal,1,5121,425,322,429
M48,4,18,normal,2,7316,531,355,462
M48,4,18,normal,3,10242,655,388,495
M48,4,18,normal,4,14631,815,421,528
M48,4,20,elite,0,4639,411,305,479
M48,4,20,elite,1,6494,493,338,512
M48,4,20,elite,2,9278,616,371,545
M48,4,20,elite,3,12989,760,404,578
M48,4,20,elite,4,18556,945,437,611
M48,4,20,normal,0,3866,367,305,413
M48,4,20,normal,1,5412,440,338,446
M48,4,20,normal,2,7732,550,371,479
M48,4,20,normal,3,10824,678,404,512
M48,4,20,normal,4,15463,843,437,545
M49,4,16,elite,0,5758,452,543,388
M49,4,16,elite,1,8061,543,578,423
M49,4,16,elite,2,11516,679,612,457
M49,4,16,elite,3,16123,837,647,492
M49,4,16,elite,4,23033,1041,681,526
M49,4,16,normal,0,4798,404,543,319
M49,4,16,normal,1,6718,485,578,354
M49,4,16,normal,2,9597,606,612,388
M49,4,16,normal,3,13436,747,647,423
M49,4,16,normal,4,19194,929,681,457
M49,4,18,elite,0,6105,469,561,405
M49,4,18,elite,1,8547,563,595,440
M49,4,18,elite,2,12210,703,630,474
M49,4,18,elite,3,17095,867,664,509
M49,4,18,elite,4,24421,1078,699,543
M49,4,18,normal,0,5088,419,561,336
M49,4,18,normal,1,7123,502,595,371
M49,4,18,normal,2,10175,628,630,405
M49,4,18,normal,3,14246,774,664,440
M49,4,18,normal,4,20351,963,699,474
M49,4,20,elite,0,6452,485,578,423
M49,4,20,elite,1,9033,582,612,457
M49,4,20,elite,2,12905,728,647,492
M49,4,20,elite,3,18066,898,681,526
M49,4,20,elite,4,25809,1116,716,561
M49,4,20,normal,0,5377,433,578,354
M49,4,20,normal,1,7528,520,612,388
M49,4,20,normal,2,10754,650,647,423
M49,4,20,normal,3,15055,802,681,457
M49,4,20,normal,4,21508,997,716,492
M50,4,16,elite,0,4511,528,308,323
M50,4,16,elite,1,6316,633,338,353
M50,4,16,elite,2,9023,792,368,383
M50,4,16,elite,3,12632,976,398,413
M50,4,16,elite,4,18046,1214,428,443
M50,4,16,normal,0,3759,471,308,263
M50,4,16,normal,1,5263,566,338,293
M50,4,16,normal,2,7519,707,368,323
M50,4,16,normal,3,10527,872,398,353
M50,4,16,normal,4,15038,1084,428,383
M50,4,18,elite,0,4783,547,323,338
M50,4,18,elite,1,6697,656,353,368
M50,4,18,elite,2,9567,821,383,398
M50,4,18,elite,3,13393,1012,413,428
M50,4,18,elite,4,19133,1258,443,458
M50,4,18,normal,0,3986,488,323,278
M50,4,18,normal,1,5581,586,353,308
M50,4,18,normal,2,7972,733,383,338
M50,4,18,normal,3,11161,904,413,368
M50,4,18,normal,4,15944,1123,443,398
M50,4,20,elite,0,5055,566,338,353
M50,4,20,elite,1,7077,679,368,383
M50,4,20,elite,2,10110,849,398,413
M50,4,20,elite,3,14155,1048,428,443
M50,4,20,elite,4,20221,1302,458,473
M50,4,20,normal,0,4213,506,338,293
M50,4,20,normal,1,5898,607,368,323
M50,4,20,normal,2,8425,758,398,353
M50,4,20,normal,3,11796,935,428,383
M50,4,20,normal,4,16851,1163,458,413
M51,4,16,elite,0,5758,452,543,388
M51,4,16,elite,1,8061,543,578,423
M51,4,16,elite,2,11516,679,612,457
M51,4,16,elite,3,16123,837,647,492
M51,4,16,elite,4,23033,1041,681,526
M51,4,16,normal,0,4798,404,543,319
M51,4,16,normal,1,6718,485,578,354
M51,4,16,normal,2,9597,606,612,388
M51,4,16,normal,3,13436,747,647,423
M51,4,16,normal,4,19194,929,681,457
M51,4,18,elite,0,6105,469,561,405
M51,4,18,elite,1,8547,563,595,440
M51,4,18,elite,2,12210,703,630,474
M51,4,18,elite,3,17095,867,664,509
M51,4,18,elite,4,24421,1078,699,543
M51,4,18,normal,0,5088,419,561,336
M51,4,18,normal,1,7123,502,595,371
M51,4,18,normal,2,10175,628,630,405
M51,4,18,normal,3,14246,774,664,440
M51,4,18,normal,4,20351,963,699,474
M51,4,20,elite,0,6452,485,578,423
M51,4,20,elite,1,9033,582,612,457
M51,4,20,elite,2,12905,728,647,492
M51,4,20,elite,3,18066,898,681,526
M51,4,20,elite,4,25809,1116,716,561
M51,4,20,normal,0,5377,433,578,354
M51,4,20,normal,1,7528,520,612,388
M51,4,20,normal,2,10754,650,647,423
M51,4,20,normal,3,15055,802,681,457
M51,4,20,normal,4,21508,997,716,492
M52,4,16,elite,0,5758,452,543,388
M52,4,16,elite,1,8061,543,578,423
M52,4,16,elite,2,11516,679,612,457
M52,4,16,elite,3,16123,837,647,492
M52,4,16,elite,4,23033,1041,681,526
M52,4,16,normal,0,4798,404,543,319
M52,4,16,normal,1,6718,485,578,354
M52,4,16,normal,2,9597,606,612,388
M52,4,16,normal,3,13436,747,647,423
M52,4,16,normal,4,19194,929,681,457
M52,4,18,elite,0,6105,469,561,405
M52,4,18,elite,1,8547,563,595,440
M52,4,18,elite,2,12210,703,630,474
M52,4,18,elite,3,17095,867,664,509
M52,4,18,elite,4,24421,1078,699,543
M52,4,18,normal,0,5088,419,561,336
M52,4,18,normal,1,7123,502,595,371
M52,4,18,normal,2,10175,628,630,405
M52,4,18,normal,3,14246,774,664,440
M52,4,18,normal,4,20351,963,699,474
M52,4,20,elite,0,6452,485,578,423
M52,4,20,elite,1,9033,582,612,457
M52,4,20,elite,2,12905,728,647,492
M52,4,20,elite,3,18066,898,681,526
M52,4,20,elite,4,25809,1116,716,561
M52,4,20,normal,0,5377,433,578,354
M52,4,20,normal,1,7528,520,612,388
M52,4,20,normal,2,10754,650,647,423
M52,4,20,normal,3,15055,802,681,457
M52,4,20,normal,4,21508,997,716,492
M53,4,16,elite,0,3008,619,218,488
M53,4,16,elite,1,4212,743,248,518
M53,4,16,elite,2,6017,929,278,548
M53,4,16,elite,3,8423,1145,308,578
M53,4,16,elite,4,12034,1424,338,608
M53,4,16,normal,0,2507,553,218,428
M53,4,16,normal,1,3510,663,248,458
M53,4,16,normal,2,5014,829,278,488
M53,4,16,normal,3,7020,1022,308,518
M53,4,16,normal,4,10028,1271,338,548
M53,4,18,elite,0,3190,642,233,503
M53,4,18,elite,1,4466,770,263,533
M53,4,18,elite,2,6379,962,293,563
M53,4,18,elite,3,8931,1187,323,593
M53,4,18,elite,4,12759,1476,353,623
M53,4,18,normal,0,2658,573,233,443
M53,4,18,normal,1,3721,687,263,473
M53,4,18,normal,2,5316,859,293,503
M53,4,18,normal,3,7443,1060,323,533
M53,4,18,normal,4,10632,1317,353,563
M53,4,20,elite,0,3371,664,248,518
M53,4,20,elite,1,4719,797,278,548
M53,4,20,elite,2,6742,996,308,578
M53,4,20,elite,3,9439,1228,338,608
M53,4,20,elite,4,13484,1527,368,638
M53,4,20,normal,0,2809,593,248,458
M53,4,20,normal,1,3933,711,278,488
M53,4,20,normal,2,5618,889,308,518
M53,4,20,normal,3,7866,1097,338,548
M53,4,20,normal,4,11237,1364,368,578
M54,4,16,elite,0,5758,452,543,388
M54,4,16,elite,1,8061,543,578,423
M54,4,16,elite,2,11516,679,612,457
M54,4,16,elite,3,16123,837,647,492
M54,4,16,elite,4,23033,1041,681,526
M54,4,16,normal,0,4798,404,543,319
M54,4,16,normal,1,6718,485,578,354
M54,4,16,normal,2,9597,606,612,388
M54,4,16,normal,3,13436,747,647,423
M54,4,16,normal,4,19194,929,681,457
M54,4,18,elite,0,6105,469,561,405
M54,4,18,elite,1,8547,563,595,440
M54,4,18,elite,2,12210,703,630,474
M54,4,18,elite,3,17095,867,664,509
M54,4,18,elite,4,24421,1078,699,543
M54,4,18,normal,0,5088,419,561,336
M54,4,18,normal,1,7123,502,595,371
M54,4,18,normal,2,10175,628,630,405
M54,4,18,normal,3,14246,774,664,440
M54,4,18,normal,4,20351,963,699,474
M54,4,20,elite,0,6452,485,578,423
M54,4,20,elite,1,9033,582,612,457
M54,4,20,elite,2,12905,728,647,492
M54,4,20,elite,3,18066,898,681,526
M54,4,20,elite,4,25809,1116,716,561
M54,4,20,normal,0,5377,433,578,354
M54,4,20,normal,1,7528,520,612,388
M54,4,20,normal,2,10754,650,647,423
M54,4,20,normal,3,15055,802,681,457
M54,4,20,normal,4,21508,997,716,492
B05-M01,5,21,elite,0,6480,613,405,390
B05-M01,5,21,elite,1,9072,736,435,420
B05-M01,5,21,elite,2,12960,919,465,450
B05-M01,5,21,elite,3,18144,1134,495,480
B05-M01,5,21,elite,4,25920,1410,525,510
B05-M01,5,21,normal,0,5400,547,405,330
B05-M01,5,21,normal,1,7560,657,435,360
B05-M01,5,21,normal,2,10800,821,465,390
B05-M01,5,21,normal,3,15120,1012,495,420
B05-M01,5,21,normal,4,21600,1259,525,450
B05-M01,5,23,elite,0,6819,633,420,405
B05-M01,5,23,elite,1,9547,760,450,435
B05-M01,5,23,elite,2,13639,950,480,465
B05-M01,5,23,elite,3,19094,1172,510,495
B05-M01,5,23,elite,4,27278,1457,540,525
B05-M01,5,23,normal,0,5683,566,420,345
B05-M01,5,23,normal,1,7956,679,450,375
B05-M01,5,23,normal,2,11366,848,480,405
B05-M01,5,23,normal,3,15912,1046,510,435
B05-M01,5,23,normal,4,22731,1301,540,465
B05-M01,5,25,elite,0,7159,654,435,420
B05-M01,5,25,elite,1,10022,785,465,450
B05-M01,5,25,elite,2,14318,981,495,480
B05-M01,5,25,elite,3,20045,1210,525,510
B05-M01,5,25,elite,4,28635,1504,555,540
B05-M01,5,25,normal,0,5966,584,435,360
B05-M01,5,25,normal,1,8352,701,465,390
B05-M01,5,25,normal,2,11931,876,495,420
B05-M01,5,25,normal,3,16704,1080,525,450
B05-M01,5,25,normal,4,23863,1343,555,480
B05-M02,5,21,elite,0,5136,671,360,375
B05-M02,5,21,elite,1,7190,806,390,405
B05-M02,5,21,elite,2,10271,1007,420,435
B05-M02,5,21,elite,3,14380,1242,450,465
B05-M02,5,21,elite,4,20543,1544,480,495
B05-M02,5,21,normal,0,4280,599,360,315
B05-M02,5,21,normal,1,5992,719,390,345
B05-M02,5,21,normal,2,8559,899,420,375
B05-M02,5,21,normal,3,11983,1109,450,405
B05-M02,5,21,normal,4,17119,1379,480,435
B05-M02,5,23,elite,0,5405,694,375,390
B05-M02,5,23,elite,1,7567,832,405,420
B05-M02,5,23,elite,2,10809,1041,435,450
B05-M02,5,23,elite,3,15133,1283,465,480
B05-M02,5,23,elite,4,21619,1596,495,510
B05-M02,5,23,normal,0,4504,619,375,330
B05-M02,5,23,normal,1,6305,743,405,360
B05-M02,5,23,normal,2,9008,929,435,390
B05-M02,5,23,normal,3,12611,1146,465,420
B05-M02,5,23,normal,4,18016,1425,495,450
B05-M02,5,25,elite,0,5674,716,390,405
B05-M02,5,25,elite,1,7943,859,420,435
B05-M02,5,25,elite,2,11347,1074,450,465
B05-M02,5,25,elite,3,15886,1325,480,495
B05-M02,5,25,elite,4,22695,1647,510,525
B05-M02,5,25,normal,0,4728,639,390,345
B05-M02,5,25,normal,1,6619,767,420,375
B05-M02,5,25,normal,2,9456,959,450,405
B05-M02,5,25,normal,3,13239,1183,480,435
B05-M02,5,25,normal,4,18912,1471,510,465
B05-M03,5,21,elite,0,2610,806,236,338
B05-M03,5,21,elite,1,3654,967,266,368
B05-M03,5,21,elite,2,5220,1208,296,398
B05-M03,5,21,elite,3,7308,1490,326,428
B05-M03,5,21,elite,4,10440,1853,356,458
B05-M03,5,21,normal,0,2175,719,236,278
B05-M03,5,21,normal,1,3045,863,266,308
B05-M03,5,21,normal,2,4350,1079,296,338
B05-M03,5,21,normal,3,6090,1331,326,368
B05-M03,5,21,normal,4,8700,1654,356,398
B05-M03,5,23,elite,0,2747,832,251,353
B05-M03,5,23,elite,1,3846,999,281,383
B05-M03,5,23,elite,2,5494,1249,311,413
B05-M03,5,23,elite,3,7691,1540,341,443
B05-M03,5,23,elite,4,10987,1915,371,473
B05-M03,5,23,normal,0,2289,743,251,293
B05-M03,5,23,normal,1,3205,892,281,323
B05-M03,5,23,normal,2,4578,1115,311,353
B05-M03,5,23,normal,3,6409,1375,341,383
B05-M03,5,23,normal,4,9156,1710,371,413
B05-M03,5,25,elite,0,2884,859,266,368
B05-M03,5,25,elite,1,4037,1031,296,398
B05-M03,5,25,elite,2,5767,1289,326,428
B05-M03,5,25,elite,3,8074,1590,356,458
B05-M03,5,25,elite,4,11534,1976,386,488
B05-M03,5,25,normal,0,2403,767,266,308
B05-M03,5,25,normal,1,3364,921,296,338
B05-M03,5,25,normal,2,4806,1151,326,368
B05-M03,5,25,normal,3,6728,1419,356,398
B05-M03,5,25,normal,4,9612,1765,386,428
B05-M04,5,21,elite,0,5184,445,330,503
B05-M04,5,21,elite,1,7258,533,363,536
B05-M04,5,21,elite,2,10368,667,396,569
B05-M04,5,21,elite,3,14515,822,429,602
B05-M04,5,21,elite,4,20736,1023,462,635
B05-M04,5,21,normal,0,4320,397,330,437
B05-M04,5,21,normal,1,6048,476,363,470
B05-M04,5,21,normal,2,8640,595,396,503
B05-M04,5,21,normal,3,12096,734,429,536
B05-M04,5,21,normal,4,17280,913,462,569
B05-M04,5,23,elite,0,5456,459,347,520
B05-M04,5,23,elite,1,7638,551,380,553
B05-M04,5,23,elite,2,10911,689,413,586
B05-M04,5,23,elite,3,15276,850,446,619
B05-M04,5,23,elite,4,21822,1057,479,652
B05-M04,5,23,normal,0,4546,410,347,454
B05-M04,5,23,normal,1,6365,492,380,487
B05-M04,5,23,normal,2,9093,615,413,520
B05-M04,5,23,normal,3,12730,759,446,553
B05-M04,5,23,normal,4,18185,943,479,586
B05-M04,5,25,elite,0,5727,474,363,536
B05-M04,5,25,elite,1,8018,569,396,569
B05-M04,5,25,elite,2,11454,711,429,602
B05-M04,5,25,elite,3,16036,877,462,635
B05-M04,5,25,elite,4,22908,1091,495,668
B05-M04,5,25,normal,0,4773,423,363,470
B05-M04,5,25,normal,1,6682,508,396,503
B05-M04,5,25,normal,2,9545,635,429,536
B05-M04,5,25,normal,3,13363,783,462,569
B05-M04,5,25,normal,4,19090,974,495,602
B05-M05,5,21,elite,0,8505,445,656,431
B05-M05,5,21,elite,1,11907,533,690,466
B05-M05,5,21,elite,2,17009,667,725,500
B05-M05,5,21,elite,3,23813,822,759,535
B05-M05,5,21,elite,4,34019,1023,794,569
B05-M05,5,21,normal,0,7087,397,656,362
B05-M05,5,21,normal,1,9922,476,690,397
B05-M05,5,21,normal,2,14174,595,725,431
B05-M05,5,21,normal,3,19844,734,759,466
B05-M05,5,21,normal,4,28349,913,794,500
B05-M05,5,23,elite,0,8950,459,673,449
B05-M05,5,23,elite,1,12530,551,707,483
B05-M05,5,23,elite,2,17900,689,742,518
B05-M05,5,23,elite,3,25060,850,776,552
B05-M05,5,23,elite,4,35801,1057,811,587
B05-M05,5,23,normal,0,7458,410,673,380
B05-M05,5,23,normal,1,10442,492,707,414
B05-M05,5,23,normal,2,14917,615,742,449
B05-M05,5,23,normal,3,20884,759,776,483
B05-M05,5,23,normal,4,29834,943,811,518
B05-M05,5,25,elite,0,9396,474,690,466
B05-M05,5,25,elite,1,13154,569,725,500
B05-M05,5,25,elite,2,18791,711,759,535
B05-M05,5,25,elite,3,26308,877,794,569
B05-M05,5,25,elite,4,37582,1091,828,604
B05-M05,5,25,normal,0,7830,423,690,397
B05-M05,5,25,normal,1,10962,508,725,431
B05-M05,5,25,normal,2,15659,635,759,466
B05-M05,5,25,normal,3,21923,783,794,500
B05-M05,5,25,normal,4,31319,974,828,535
B05-M06,5,21,elite,0,2610,806,236,338
B05-M06,5,21,elite,1,3654,967,266,368
B05-M06,5,21,elite,2,5220,1208,296,398
B05-M06,5,21,elite,3,7308,1490,326,428
B05-M06,5,21,elite,4,10440,1853,356,458
B05-M06,5,21,normal,0,2175,719,236,278
B05-M06,5,21,normal,1,3045,863,266,308
B05-M06,5,21,normal,2,4350,1079,296,338
B05-M06,5,21,normal,3,6090,1331,326,368
B05-M06,5,21,normal,4,8700,1654,356,398
B05-M06,5,23,elite,0,2747,832,251,353
B05-M06,5,23,elite,1,3846,999,281,383
B05-M06,5,23,elite,2,5494,1249,311,413
B05-M06,5,23,elite,3,7691,1540,341,443
B05-M06,5,23,elite,4,10987,1915,371,473
B05-M06,5,23,normal,0,2289,743,251,293
B05-M06,5,23,normal,1,3205,892,281,323
B05-M06,5,23,normal,2,4578,1115,311,353
B05-M06,5,23,normal,3,6409,1375,341,383
B05-M06,5,23,normal,4,9156,1710,371,413
B05-M06,5,25,elite,0,2884,859,266,368
B05-M06,5,25,elite,1,4037,1031,296,398
B05-M06,5,25,elite,2,5767,1289,326,428
B05-M06,5,25,elite,3,8074,1590,356,458
B05-M06,5,25,elite,4,11534,1976,386,488
B05-M06,5,25,normal,0,2403,767,266,308
B05-M06,5,25,normal,1,3364,921,296,338
B05-M06,5,25,normal,2,4806,1151,326,368
B05-M06,5,25,normal,3,6728,1419,356,398
B05-M06,5,25,normal,4,9612,1765,386,428
B05-M07,5,21,elite,0,3767,719,270,540
B05-M07,5,21,elite,1,5274,863,300,570
B05-M07,5,21,elite,2,7534,1078,330,600
B05-M07,5,21,elite,3,10548,1330,360,630
B05-M07,5,21,elite,4,15069,1653,390,660
B05-M07,5,21,normal,0,3139,642,270,480
B05-M07,5,21,normal,1,4395,770,300,510
B05-M07,5,21,normal,2,6279,963,330,540
B05-M07,5,21,normal,3,8790,1187,360,570
B05-M07,5,21,normal,4,12557,1476,390,600
B05-M07,5,23,elite,0,3964,743,285,555
B05-M07,5,23,elite,1,5550,891,315,585
B05-M07,5,23,elite,2,7929,1114,345,615
B05-M07,5,23,elite,3,11101,1374,375,645
B05-M07,5,23,elite,4,15858,1708,405,675
B05-M07,5,23,normal,0,3304,663,285,495
B05-M07,5,23,normal,1,4625,796,315,525
B05-M07,5,23,normal,2,6607,995,345,555
B05-M07,5,23,normal,3,9250,1227,375,585
B05-M07,5,23,normal,4,13215,1525,405,615
B05-M07,5,25,elite,0,4162,767,300,570
B05-M07,5,25,elite,1,5827,920,330,600
B05-M07,5,25,elite,2,8324,1150,360,630
B05-M07,5,25,elite,3,11653,1419,390,660
B05-M07,5,25,elite,4,16647,1764,420,690
B05-M07,5,25,normal,0,3468,685,300,510
B05-M07,5,25,normal,1,4855,822,330,540
B05-M07,5,25,normal,2,6936,1027,360,570
B05-M07,5,25,normal,3,9711,1267,390,600
B05-M07,5,25,normal,4,13873,1575,420,630
B05-M08,5,21,elite,0,5184,445,330,503
B05-M08,5,21,elite,1,7258,533,363,536
B05-M08,5,21,elite,2,10368,667,396,569
B05-M08,5,21,elite,3,14515,822,429,602
B05-M08,5,21,elite,4,20736,1023,462,635
B05-M08,5,21,normal,0,4320,397,330,437
B05-M08,5,21,normal,1,6048,476,363,470
B05-M08,5,21,normal,2,8640,595,396,503
B05-M08,5,21,normal,3,12096,734,429,536
B05-M08,5,21,normal,4,17280,913,462,569
B05-M08,5,23,elite,0,5456,459,347,520
B05-M08,5,23,elite,1,7638,551,380,553
B05-M08,5,23,elite,2,10911,689,413,586
B05-M08,5,23,elite,3,15276,850,446,619
B05-M08,5,23,elite,4,21822,1057,479,652
B05-M08,5,23,normal,0,4546,410,347,454
B05-M08,5,23,normal,1,6365,492,380,487
B05-M08,5,23,normal,2,9093,615,413,520
B05-M08,5,23,normal,3,12730,759,446,553
B05-M08,5,23,normal,4,18185,943,479,586
B05-M08,5,25,elite,0,5727,474,363,536
B05-M08,5,25,elite,1,8018,569,396,569
B05-M08,5,25,elite,2,11454,711,429,602
B05-M08,5,25,elite,3,16036,877,462,635
B05-M08,5,25,elite,4,22908,1091,495,668
B05-M08,5,25,normal,0,4773,423,363,470
B05-M08,5,25,normal,1,6682,508,396,503
B05-M08,5,25,normal,2,9545,635,429,536
B05-M08,5,25,normal,3,13363,783,462,569
B05-M08,5,25,normal,4,19090,974,495,602
B05-M09,5,21,elite,0,2610,806,236,338
B05-M09,5,21,elite,1,3654,967,266,368
B05-M09,5,21,elite,2,5220,1208,296,398
B05-M09,5,21,elite,3,7308,1490,326,428
B05-M09,5,21,elite,4,10440,1853,356,458
B05-M09,5,21,normal,0,2175,719,236,278
B05-M09,5,21,normal,1,3045,863,266,308
B05-M09,5,21,normal,2,4350,1079,296,338
B05-M09,5,21,normal,3,6090,1331,326,368
B05-M09,5,21,normal,4,8700,1654,356,398
B05-M09,5,23,elite,0,2747,832,251,353
B05-M09,5,23,elite,1,3846,999,281,383
B05-M09,5,23,elite,2,5494,1249,311,413
B05-M09,5,23,elite,3,7691,1540,341,443
B05-M09,5,23,elite,4,10987,1915,371,473
B05-M09,5,23,normal,0,2289,743,251,293
B05-M09,5,23,normal,1,3205,892,281,323
B05-M09,5,23,normal,2,4578,1115,311,353
B05-M09,5,23,normal,3,6409,1375,341,383
B05-M09,5,23,normal,4,9156,1710,371,413
B05-M09,5,25,elite,0,2884,859,266,368
B05-M09,5,25,elite,1,4037,1031,296,398
B05-M09,5,25,elite,2,5767,1289,326,428
B05-M09,5,25,elite,3,8074,1590,356,458
B05-M09,5,25,elite,4,11534,1976,386,488
B05-M09,5,25,normal,0,2403,767,266,308
B05-M09,5,25,normal,1,3364,921,296,338
B05-M09,5,25,normal,2,4806,1151,326,368
B05-M09,5,25,normal,3,6728,1419,356,398
B05-M09,5,25,normal,4,9612,1765,386,428
B05-M10,5,21,elite,0,3767,719,270,540
B05-M10,5,21,elite,1,5274,863,300,570
B05-M10,5,21,elite,2,7534,1078,330,600
B05-M10,5,21,elite,3,10548,1330,360,630
B05-M10,5,21,elite,4,15069,1653,390,660
B05-M10,5,21,normal,0,3139,642,270,480
B05-M10,5,21,normal,1,4395,770,300,510
B05-M10,5,21,normal,2,6279,963,330,540
B05-M10,5,21,normal,3,8790,1187,360,570
B05-M10,5,21,normal,4,12557,1476,390,600
B05-M10,5,23,elite,0,3964,743,285,555
B05-M10,5,23,elite,1,5550,891,315,585
B05-M10,5,23,elite,2,7929,1114,345,615
B05-M10,5,23,elite,3,11101,1374,375,645
B05-M10,5,23,elite,4,15858,1708,405,675
B05-M10,5,23,normal,0,3304,663,285,495
B05-M10,5,23,normal,1,4625,796,315,525
B05-M10,5,23,normal,2,6607,995,345,555
B05-M10,5,23,normal,3,9250,1227,375,585
B05-M10,5,23,normal,4,13215,1525,405,615
B05-M10,5,25,elite,0,4162,767,300,570
B05-M10,5,25,elite,1,5827,920,330,600
B05-M10,5,25,elite,2,8324,1150,360,630
B05-M10,5,25,elite,3,11653,1419,390,660
B05-M10,5,25,elite,4,16647,1764,420,690
B05-M10,5,25,normal,0,3468,685,300,510
B05-M10,5,25,normal,1,4855,822,330,540
B05-M10,5,25,normal,2,6936,1027,360,570
B05-M10,5,25,normal,3,9711,1267,390,600
B05-M10,5,25,normal,4,13873,1575,420,630
B05-M11,5,21,elite,0,8505,445,656,431
B05-M11,5,21,elite,1,11907,533,690,466
B05-M11,5,21,elite,2,17009,667,725,500
B05-M11,5,21,elite,3,23813,822,759,535
B05-M11,5,21,elite,4,34019,1023,794,569
B05-M11,5,21,normal,0,7087,397,656,362
B05-M11,5,21,normal,1,9922,476,690,397
B05-M11,5,21,normal,2,14174,595,725,431
B05-M11,5,21,normal,3,19844,734,759,466
B05-M11,5,21,normal,4,28349,913,794,500
B05-M11,5,23,elite,0,8950,459,673,449
B05-M11,5,23,elite,1,12530,551,707,483
B05-M11,5,23,elite,2,17900,689,742,518
B05-M11,5,23,elite,3,25060,850,776,552
B05-M11,5,23,elite,4,35801,1057,811,587
B05-M11,5,23,normal,0,7458,410,673,380
B05-M11,5,23,normal,1,10442,492,707,414
B05-M11,5,23,normal,2,14917,615,742,449
B05-M11,5,23,normal,3,20884,759,776,483
B05-M11,5,23,normal,4,29834,943,811,518
B05-M11,5,25,elite,0,9396,474,690,466
B05-M11,5,25,elite,1,13154,569,725,500
B05-M11,5,25,elite,2,18791,711,759,535
B05-M11,5,25,elite,3,26308,877,794,569
B05-M11,5,25,elite,4,37582,1091,828,604
B05-M11,5,25,normal,0,7830,423,690,397
B05-M11,5,25,normal,1,10962,508,725,431
B05-M11,5,25,normal,2,15659,635,759,466
B05-M11,5,25,normal,3,21923,783,794,500
B05-M11,5,25,normal,4,31319,974,828,535
B05-M12,5,21,elite,0,5136,671,360,375
B05-M12,5,21,elite,1,7190,806,390,405
B05-M12,5,21,elite,2,10271,1007,420,435
B05-M12,5,21,elite,3,14380,1242,450,465
B05-M12,5,21,elite,4,20543,1544,480,495
B05-M12,5,21,normal,0,4280,599,360,315
B05-M12,5,21,normal,1,5992,719,390,345
B05-M12,5,21,normal,2,8559,899,420,375
B05-M12,5,21,normal,3,11983,1109,450,405
B05-M12,5,21,normal,4,17119,1379,480,435
B05-M12,5,23,elite,0,5405,694,375,390
B05-M12,5,23,elite,1,7567,832,405,420
B05-M12,5,23,elite,2,10809,1041,435,450
B05-M12,5,23,elite,3,15133,1283,465,480
B05-M12,5,23,elite,4,21619,1596,495,510
B05-M12,5,23,normal,0,4504,619,375,330
B05-M12,5,23,normal,1,6305,743,405,360
B05-M12,5,23,normal,2,9008,929,435,390
B05-M12,5,23,normal,3,12611,1146,465,420
B05-M12,5,23,normal,4,18016,1425,495,450
B05-M12,5,25,elite,0,5674,716,390,405
B05-M12,5,25,elite,1,7943,859,420,435
B05-M12,5,25,elite,2,11347,1074,450,465
B05-M12,5,25,elite,3,15886,1325,480,495
B05-M12,5,25,elite,4,22695,1647,510,525
B05-M12,5,25,normal,0,4728,639,390,345
B05-M12,5,25,normal,1,6619,767,420,375
B05-M12,5,25,normal,2,9456,959,450,405
B05-M12,5,25,normal,3,13239,1183,480,435
B05-M12,5,25,normal,4,18912,1471,510,465
B05-M13,5,21,elite,0,6480,613,405,390
B05-M13,5,21,elite,1,9072,736,435,420
B05-M13,5,21,elite,2,12960,919,465,450
B05-M13,5,21,elite,3,18144,1134,495,480
B05-M13,5,21,elite,4,25920,1410,525,510
B05-M13,5,21,normal,0,5400,547,405,330
B05-M13,5,21,normal,1,7560,657,435,360
B05-M13,5,21,normal,2,10800,821,465,390
B05-M13,5,21,normal,3,15120,1012,495,420
B05-M13,5,21,normal,4,21600,1259,525,450
B05-M13,5,23,elite,0,6819,633,420,405
B05-M13,5,23,elite,1,9547,760,450,435
B05-M13,5,23,elite,2,13639,950,480,465
B05-M13,5,23,elite,3,19094,1172,510,495
B05-M13,5,23,elite,4,27278,1457,540,525
B05-M13,5,23,normal,0,5683,566,420,345
B05-M13,5,23,normal,1,7956,679,450,375
B05-M13,5,23,normal,2,11366,848,480,405
B05-M13,5,23,normal,3,15912,1046,510,435
B05-M13,5,23,normal,4,22731,1301,540,465
B05-M13,5,25,elite,0,7159,654,435,420
B05-M13,5,25,elite,1,10022,785,465,450
B05-M13,5,25,elite,2,14318,981,495,480
B05-M13,5,25,elite,3,20045,1210,525,510
B05-M13,5,25,elite,4,28635,1504,555,540
B05-M13,5,25,normal,0,5966,584,435,360
B05-M13,5,25,normal,1,8352,701,465,390
B05-M13,5,25,normal,2,11931,876,495,420
B05-M13,5,25,normal,3,16704,1080,525,450
B05-M13,5,25,normal,4,23863,1343,555,480
B05-M14,5,21,elite,0,3767,719,270,540
B05-M14,5,21,elite,1,5274,863,300,570
B05-M14,5,21,elite,2,7534,1078,330,600
B05-M14,5,21,elite,3,10548,1330,360,630
B05-M14,5,21,elite,4,15069,1653,390,660
B05-M14,5,21,normal,0,3139,642,270,480
B05-M14,5,21,normal,1,4395,770,300,510
B05-M14,5,21,normal,2,6279,963,330,540
B05-M14,5,21,normal,3,8790,1187,360,570
B05-M14,5,21,normal,4,12557,1476,390,600
B05-M14,5,23,elite,0,3964,743,285,555
B05-M14,5,23,elite,1,5550,891,315,585
B05-M14,5,23,elite,2,7929,1114,345,615
B05-M14,5,23,elite,3,11101,1374,375,645
B05-M14,5,23,elite,4,15858,1708,405,675
B05-M14,5,23,normal,0,3304,663,285,495
B05-M14,5,23,normal,1,4625,796,315,525
B05-M14,5,23,normal,2,6607,995,345,555
B05-M14,5,23,normal,3,9250,1227,375,585
B05-M14,5,23,normal,4,13215,1525,405,615
B05-M14,5,25,elite,0,4162,767,300,570
B05-M14,5,25,elite,1,5827,920,330,600
B05-M14,5,25,elite,2,8324,1150,360,630
B05-M14,5,25,elite,3,11653,1419,390,660
B05-M14,5,25,elite,4,16647,1764,420,690
B05-M14,5,25,normal,0,3468,685,300,510
B05-M14,5,25,normal,1,4855,822,330,540
B05-M14,5,25,normal,2,6936,1027,360,570
B05-M14,5,25,normal,3,9711,1267,390,600
B05-M14,5,25,normal,4,13873,1575,420,630
B05-M15,5,21,elite,0,6480,613,405,390
B05-M15,5,21,elite,1,9072,736,435,420
B05-M15,5,21,elite,2,12960,919,465,450
B05-M15,5,21,elite,3,18144,1134,495,480
B05-M15,5,21,elite,4,25920,1410,525,510
B05-M15,5,21,normal,0,5400,547,405,330
B05-M15,5,21,normal,1,7560,657,435,360
B05-M15,5,21,normal,2,10800,821,465,390
B05-M15,5,21,normal,3,15120,1012,495,420
B05-M15,5,21,normal,4,21600,1259,525,450
B05-M15,5,23,elite,0,6819,633,420,405
B05-M15,5,23,elite,1,9547,760,450,435
B05-M15,5,23,elite,2,13639,950,480,465
B05-M15,5,23,elite,3,19094,1172,510,495
B05-M15,5,23,elite,4,27278,1457,540,525
B05-M15,5,23,normal,0,5683,566,420,345
B05-M15,5,23,normal,1,7956,679,450,375
B05-M15,5,23,normal,2,11366,848,480,405
B05-M15,5,23,normal,3,15912,1046,510,435
B05-M15,5,23,normal,4,22731,1301,540,465
B05-M15,5,25,elite,0,7159,654,435,420
B05-M15,5,25,elite,1,10022,785,465,450
B05-M15,5,25,elite,2,14318,981,495,480
B05-M15,5,25,elite,3,20045,1210,525,510
B05-M15,5,25,elite,4,28635,1504,555,540
B05-M15,5,25,normal,0,5966,584,435,360
B05-M15,5,25,normal,1,8352,701,465,390
B05-M15,5,25,normal,2,11931,876,495,420
B05-M15,5,25,normal,3,16704,1080,525,450
B05-M15,5,25,normal,4,23863,1343,555,480
B05-M16,5,21,elite,0,5136,671,360,375
B05-M16,5,21,elite,1,7190,806,390,405
B05-M16,5,21,elite,2,10271,1007,420,435
B05-M16,5,21,elite,3,14380,1242,450,465
B05-M16,5,21,elite,4,20543,1544,480,495
B05-M16,5,21,normal,0,4280,599,360,315
B05-M16,5,21,normal,1,5992,719,390,345
B05-M16,5,21,normal,2,8559,899,420,375
B05-M16,5,21,normal,3,11983,1109,450,405
B05-M16,5,21,normal,4,17119,1379,480,435
B05-M16,5,23,elite,0,5405,694,375,390
B05-M16,5,23,elite,1,7567,832,405,420
B05-M16,5,23,elite,2,10809,1041,435,450
B05-M16,5,23,elite,3,15133,1283,465,480
B05-M16,5,23,elite,4,21619,1596,495,510
B05-M16,5,23,normal,0,4504,619,375,330
B05-M16,5,23,normal,1,6305,743,405,360
B05-M16,5,23,normal,2,9008,929,435,390
B05-M16,5,23,normal,3,12611,1146,465,420
B05-M16,5,23,normal,4,18016,1425,495,450
B05-M16,5,25,elite,0,5674,716,390,405
B05-M16,5,25,elite,1,7943,859,420,435
B05-M16,5,25,elite,2,11347,1074,450,465
B05-M16,5,25,elite,3,15886,1325,480,495
B05-M16,5,25,elite,4,22695,1647,510,525
B05-M16,5,25,normal,0,4728,639,390,345
B05-M16,5,25,normal,1,6619,767,420,375
B05-M16,5,25,normal,2,9456,959,450,405
B05-M16,5,25,normal,3,13239,1183,480,435
B05-M16,5,25,normal,4,18912,1471,510,465
B05-M17,5,21,elite,0,8505,445,656,431
B05-M17,5,21,elite,1,11907,533,690,466
B05-M17,5,21,elite,2,17009,667,725,500
B05-M17,5,21,elite,3,23813,822,759,535
B05-M17,5,21,elite,4,34019,1023,794,569
B05-M17,5,21,normal,0,7087,397,656,362
B05-M17,5,21,normal,1,9922,476,690,397
B05-M17,5,21,normal,2,14174,595,725,431
B05-M17,5,21,normal,3,19844,734,759,466
B05-M17,5,21,normal,4,28349,913,794,500
B05-M17,5,23,elite,0,8950,459,673,449
B05-M17,5,23,elite,1,12530,551,707,483
B05-M17,5,23,elite,2,17900,689,742,518
B05-M17,5,23,elite,3,25060,850,776,552
B05-M17,5,23,elite,4,35801,1057,811,587
B05-M17,5,23,normal,0,7458,410,673,380
B05-M17,5,23,normal,1,10442,492,707,414
B05-M17,5,23,normal,2,14917,615,742,449
B05-M17,5,23,normal,3,20884,759,776,483
B05-M17,5,23,normal,4,29834,943,811,518
B05-M17,5,25,elite,0,9396,474,690,466
B05-M17,5,25,elite,1,13154,569,725,500
B05-M17,5,25,elite,2,18791,711,759,535
B05-M17,5,25,elite,3,26308,877,794,569
B05-M17,5,25,elite,4,37582,1091,828,604
B05-M17,5,25,normal,0,7830,423,690,397
B05-M17,5,25,normal,1,10962,508,725,431
B05-M17,5,25,normal,2,15659,635,759,466
B05-M17,5,25,normal,3,21923,783,794,500
B05-M17,5,25,normal,4,31319,974,828,535
B05-M18,5,21,elite,0,5184,445,330,503
B05-M18,5,21,elite,1,7258,533,363,536
B05-M18,5,21,elite,2,10368,667,396,569
B05-M18,5,21,elite,3,14515,822,429,602
B05-M18,5,21,elite,4,20736,1023,462,635
B05-M18,5,21,normal,0,4320,397,330,437
B05-M18,5,21,normal,1,6048,476,363,470
B05-M18,5,21,normal,2,8640,595,396,503
B05-M18,5,21,normal,3,12096,734,429,536
B05-M18,5,21,normal,4,17280,913,462,569
B05-M18,5,23,elite,0,5456,459,347,520
B05-M18,5,23,elite,1,7638,551,380,553
B05-M18,5,23,elite,2,10911,689,413,586
B05-M18,5,23,elite,3,15276,850,446,619
B05-M18,5,23,elite,4,21822,1057,479,652
B05-M18,5,23,normal,0,4546,410,347,454
B05-M18,5,23,normal,1,6365,492,380,487
B05-M18,5,23,normal,2,9093,615,413,520
B05-M18,5,23,normal,3,12730,759,446,553
B05-M18,5,23,normal,4,18185,943,479,586
B05-M18,5,25,elite,0,5727,474,363,536
B05-M18,5,25,elite,1,8018,569,396,569
B05-M18,5,25,elite,2,11454,711,429,602
B05-M18,5,25,elite,3,16036,877,462,635
B05-M18,5,25,elite,4,22908,1091,495,668
B05-M18,5,25,normal,0,4773,423,363,470
B05-M18,5,25,normal,1,6682,508,396,503
B05-M18,5,25,normal,2,9545,635,429,536
B05-M18,5,25,normal,3,13363,783,462,569
B05-M18,5,25,normal,4,19090,974,495,602
BO05,5,25,boss,0,39695,428,260,260
BO05,5,25,boss,1,55573,514,290,290
BO05,5,25,boss,2,79390,642,320,320
BO05,5,25,boss,3,111146,792,350,350
BO05,5,25,boss,4,158780,984,380,380
B06-M01,6,26,elite,0,7923,704,458,443
B06-M01,6,26,elite,1,11092,845,488,473
B06-M01,6,26,elite,2,15846,1056,518,503
B06-M01,6,26,elite,3,22184,1303,548,533
B06-M01,6,26,elite,4,31691,1620,578,563
B06-M01,6,26,normal,0,6602,629,458,383
B06-M01,6,26,normal,1,9243,755,488,413
B06-M01,6,26,normal,2,13205,943,518,443
B06-M01,6,26,normal,3,18486,1163,548,473
B06-M01,6,26,normal,4,26409,1446,578,503
B06-M01,6,28,elite,0,8290,726,473,458
B06-M01,6,28,elite,1,11606,871,503,488
B06-M01,6,28,elite,2,16579,1089,533,518
B06-M01,6,28,elite,3,23211,1343,563,548
B06-M01,6,28,elite,4,33159,1670,593,578
B06-M01,6,28,normal,0,6908,648,473,398
B06-M01,6,28,normal,1,9671,778,503,428
B06-M01,6,28,normal,2,13816,972,533,458
B06-M01,6,28,normal,3,19343,1199,563,488
B06-M01,6,28,normal,4,27632,1491,593,518
B06-M01,6,30,elite,0,8657,748,488,473
B06-M01,6,30,elite,1,12119,897,518,503
B06-M01,6,30,elite,2,17313,1121,548,533
B06-M01,6,30,elite,3,24239,1383,578,563
B06-M01,6,30,elite,4,34627,1720,608,593
B06-M01,6,30,normal,0,7214,668,488,413
B06-M01,6,30,normal,1,10099,801,518,443
B06-M01,6,30,normal,2,14428,1001,548,473
B06-M01,6,30,normal,3,20199,1235,578,503
B06-M01,6,30,normal,4,28856,1535,608,533
B06-M02,6,26,elite,0,6279,771,413,428
B06-M02,6,26,elite,1,8791,926,443,458
B06-M02,6,26,elite,2,12558,1157,473,488
B06-M02,6,26,elite,3,17582,1427,503,518
B06-M02,6,26,elite,4,25116,1774,533,548
B06-M02,6,26,normal,0,5233,689,413,368
B06-M02,6,26,normal,1,7326,826,443,398
B06-M02,6,26,normal,2,10465,1033,473,428
B06-M02,6,26,normal,3,14651,1274,503,458
B06-M02,6,26,normal,4,20930,1584,533,488
B06-M02,6,28,elite,0,6570,795,428,443
B06-M02,6,28,elite,1,9198,954,458,473
B06-M02,6,28,elite,2,13140,1193,488,503
B06-M02,6,28,elite,3,18396,1471,518,533
B06-M02,6,28,elite,4,26280,1829,548,563
B06-M02,6,28,normal,0,5475,710,428,383
B06-M02,6,28,normal,1,7665,852,458,413
B06-M02,6,28,normal,2,10950,1065,488,443
B06-M02,6,28,normal,3,15330,1313,518,473
B06-M02,6,28,normal,4,21900,1633,548,503
B06-M02,6,30,elite,0,6861,819,443,458
B06-M02,6,30,elite,1,9605,983,473,488
B06-M02,6,30,elite,2,13722,1228,503,518
B06-M02,6,30,elite,3,19210,1515,533,548
B06-M02,6,30,elite,4,27443,1883,563,578
B06-M02,6,30,normal,0,5717,731,443,398
B06-M02,6,30,normal,1,8004,877,473,428
B06-M02,6,30,normal,2,11435,1097,503,458
B06-M02,6,30,normal,3,16008,1353,533,488
B06-M02,6,30,normal,4,22869,1682,563,518
B06-M03,6,26,elite,0,10398,511,716,492
B06-M03,6,26,elite,1,14558,613,750,526
B06-M03,6,26,elite,2,20796,766,785,561
B06-M03,6,26,elite,3,29115,945,819,595
B06-M03,6,26,elite,4,41593,1175,854,630
B06-M03,6,26,normal,0,8665,456,716,423
B06-M03,6,26,normal,1,12131,547,750,457
B06-M03,6,26,normal,2,17330,684,785,492
B06-M03,6,26,normal,3,24263,844,819,526
B06-M03,6,26,normal,4,34661,1049,854,561
B06-M03,6,28,elite,0,10880,527,733,509
B06-M03,6,28,elite,1,15232,632,768,543
B06-M03,6,28,elite,2,21760,790,802,578
B06-M03,6,28,elite,3,30464,974,837,612
B06-M03,6,28,elite,4,43519,1211,871,647
B06-M03,6,28,normal,0,9067,470,733,440
B06-M03,6,28,normal,1,12693,564,768,474
B06-M03,6,28,normal,2,18133,705,802,509
B06-M03,6,28,normal,3,25386,870,837,543
B06-M03,6,28,normal,4,36266,1081,871,578
B06-M03,6,30,elite,0,11361,542,750,526
B06-M03,6,30,elite,1,15906,651,785,561
B06-M03,6,30,elite,2,22723,813,819,595
B06-M03,6,30,elite,3,31812,1003,854,630
B06-M03,6,30,elite,4,45446,1247,888,664
B06-M03,6,30,normal,0,9468,484,750,457
B06-M03,6,30,normal,1,13255,581,785,492
B06-M03,6,30,normal,2,18936,726,819,526
B06-M03,6,30,normal,3,26510,896,854,561
B06-M03,6,30,normal,4,37871,1114,888,595
B06-M04,6,26,elite,0,3191,926,289,390
B06-M04,6,26,elite,1,4468,1111,319,420
B06-M04,6,26,elite,2,6383,1388,349,450
B06-M04,6,26,elite,3,8936,1712,379,480
B06-M04,6,26,elite,4,12765,2129,409,510
B06-M04,6,26,normal,0,2659,826,289,330
B06-M04,6,26,normal,1,3723,992,319,360
B06-M04,6,26,normal,2,5319,1240,349,390
B06-M04,6,26,normal,3,7446,1529,379,420
B06-M04,6,26,normal,4,10638,1901,409,450
B06-M04,6,28,elite,0,3339,954,304,405
B06-M04,6,28,elite,1,4675,1145,334,435
B06-M04,6,28,elite,2,6678,1431,364,465
B06-M04,6,28,elite,3,9349,1765,394,495
B06-M04,6,28,elite,4,13356,2195,424,525
B06-M04,6,28,normal,0,2783,852,304,345
B06-M04,6,28,normal,1,3896,1022,334,375
B06-M04,6,28,normal,2,5565,1278,364,405
B06-M04,6,28,normal,3,7791,1576,394,435
B06-M04,6,28,normal,4,11130,1959,424,465
B06-M04,6,30,elite,0,3487,983,319,420
B06-M04,6,30,elite,1,4882,1179,349,450
B06-M04,6,30,elite,2,6974,1474,379,480
B06-M04,6,30,elite,3,9763,1818,409,510
B06-M04,6,30,elite,4,13948,2260,439,540
B06-M04,6,30,normal,0,2906,877,319,360
B06-M04,6,30,normal,1,4068,1053,349,390
B06-M04,6,30,normal,2,5811,1316,379,420
B06-M04,6,30,normal,3,8136,1623,409,450
B06-M04,6,30,normal,4,11623,2018,439,480
B06-M05,6,26,elite,0,6338,511,388,561
B06-M05,6,26,elite,1,8874,613,421,594
B06-M05,6,26,elite,2,12676,766,454,627
B06-M05,6,26,elite,3,17747,945,487,660
B06-M05,6,26,elite,4,25353,1175,520,693
B06-M05,6,26,normal,0,5282,456,388,495
B06-M05,6,26,normal,1,7395,547,421,528
B06-M05,6,26,normal,2,10564,684,454,561
B06-M05,6,26,normal,3,14789,844,487,594
B06-M05,6,26,normal,4,21127,1049,520,627
B06-M05,6,28,elite,0,6632,527,404,578
B06-M05,6,28,elite,1,9284,632,437,611
B06-M05,6,28,elite,2,13264,790,470,644
B06-M05,6,28,elite,3,18569,974,503,677
B06-M05,6,28,elite,4,26527,1211,536,710
B06-M05,6,28,normal,0,5526,470,404,512
B06-M05,6,28,normal,1,7737,564,437,545
B06-M05,6,28,normal,2,11053,705,470,578
B06-M05,6,28,normal,3,15474,870,503,611
B06-M05,6,28,normal,4,22106,1081,536,644
B06-M05,6,30,elite,0,6925,542,421,594
B06-M05,6,30,elite,1,9695,651,454,627
B06-M05,6,30,elite,2,13851,813,487,660
B06-M05,6,30,elite,3,19391,1003,520,693
B06-M05,6,30,elite,4,27701,1247,553,726
B06-M05,6,30,normal,0,5771,484,421,528
B06-M05,6,30,normal,1,8080,581,454,561
B06-M05,6,30,normal,2,11542,726,487,594
B06-M05,6,30,normal,3,16159,896,520,627
B06-M05,6,30,normal,4,23084,1114,553,660
B06-M06,6,26,elite,0,6279,771,413,428
B06-M06,6,26,elite,1,8791,926,443,458
B06-M06,6,26,elite,2,12558,1157,473,488
B06-M06,6,26,elite,3,17582,1427,503,518
B06-M06,6,26,elite,4,25116,1774,533,548
B06-M06,6,26,normal,0,5233,689,413,368
B06-M06,6,26,normal,1,7326,826,443,398
B06-M06,6,26,normal,2,10465,1033,473,428
B06-M06,6,26,normal,3,14651,1274,503,458
B06-M06,6,26,normal,4,20930,1584,533,488
B06-M06,6,28,elite,0,6570,795,428,443
B06-M06,6,28,elite,1,9198,954,458,473
B06-M06,6,28,elite,2,13140,1193,488,503
B06-M06,6,28,elite,3,18396,1471,518,533
B06-M06,6,28,elite,4,26280,1829,548,563
B06-M06,6,28,normal,0,5475,710,428,383
B06-M06,6,28,normal,1,7665,852,458,413
B06-M06,6,28,normal,2,10950,1065,488,443
B06-M06,6,28,normal,3,15330,1313,518,473
B06-M06,6,28,normal,4,21900,1633,548,503
B06-M06,6,30,elite,0,6861,819,443,458
B06-M06,6,30,elite,1,9605,983,473,488
B06-M06,6,30,elite,2,13722,1228,503,518
B06-M06,6,30,elite,3,19210,1515,533,548
B06-M06,6,30,elite,4,27443,1883,563,578
B06-M06,6,30,normal,0,5717,731,443,398
B06-M06,6,30,normal,1,8004,877,473,428
B06-M06,6,30,normal,2,11435,1097,503,458
B06-M06,6,30,normal,3,16008,1353,533,488
B06-M06,6,30,normal,4,22869,1682,563,518
B06-M07,6,26,elite,0,4606,826,323,593
B06-M07,6,26,elite,1,6448,991,353,623
B06-M07,6,26,elite,2,9212,1239,383,653
B06-M07,6,26,elite,3,12897,1528,413,683
B06-M07,6,26,elite,4,18424,1900,443,713
B06-M07,6,26,normal,0,3838,737,323,533
B06-M07,6,26,normal,1,5374,885,353,563
B06-M07,6,26,normal,2,7677,1106,383,593
B06-M07,6,26,normal,3,10747,1364,413,623
B06-M07,6,26,normal,4,15353,1696,443,653
B06-M07,6,28,elite,0,4819,851,338,608
B06-M07,6,28,elite,1,6747,1022,368,638
B06-M07,6,28,elite,2,9638,1277,398,668
B06-M07,6,28,elite,3,13494,1575,428,698
B06-M07,6,28,elite,4,19277,1958,458,728
B06-M07,6,28,normal,0,4016,760,338,548
B06-M07,6,28,normal,1,5622,912,368,578
B06-M07,6,28,normal,2,8032,1140,398,608
B06-M07,6,28,normal,3,11245,1406,428,638
B06-M07,6,28,normal,4,16064,1748,458,668
B06-M07,6,30,elite,0,5033,877,353,623
B06-M07,6,30,elite,1,7046,1052,383,653
B06-M07,6,30,elite,2,10065,1315,413,683
B06-M07,6,30,elite,3,14091,1622,443,713
B06-M07,6,30,elite,4,20130,2017,473,743
B06-M07,6,30,normal,0,4194,783,353,563
B06-M07,6,30,normal,1,5871,939,383,593
B06-M07,6,30,normal,2,8388,1174,413,623
B06-M07,6,30,normal,3,11743,1448,443,653
B06-M07,6,30,normal,4,16775,1801,473,683
B06-M08,6,26,elite,0,6338,511,388,561
B06-M08,6,26,elite,1,8874,613,421,594
B06-M08,6,26,elite,2,12676,766,454,627
B06-M08,6,26,elite,3,17747,945,487,660
B06-M08,6,26,elite,4,25353,1175,520,693
B06-M08,6,26,normal,0,5282,456,388,495
B06-M08,6,26,normal,1,7395,547,421,528
B06-M08,6,26,normal,2,10564,684,454,561
B06-M08,6,26,normal,3,14789,844,487,594
B06-M08,6,26,normal,4,21127,1049,520,627
B06-M08,6,28,elite,0,6632,527,404,578
B06-M08,6,28,elite,1,9284,632,437,611
B06-M08,6,28,elite,2,13264,790,470,644
B06-M08,6,28,elite,3,18569,974,503,677
B06-M08,6,28,elite,4,26527,1211,536,710
B06-M08,6,28,normal,0,5526,470,404,512
B06-M08,6,28,normal,1,7737,564,437,545
B06-M08,6,28,normal,2,11053,705,470,578
B06-M08,6,28,normal,3,15474,870,503,611
B06-M08,6,28,normal,4,22106,1081,536,644
B06-M08,6,30,elite,0,6925,542,421,594
B06-M08,6,30,elite,1,9695,651,454,627
B06-M08,6,30,elite,2,13851,813,487,660
B06-M08,6,30,elite,3,19391,1003,520,693
B06-M08,6,30,elite,4,27701,1247,553,726
B06-M08,6,30,normal,0,5771,484,421,528
B06-M08,6,30,normal,1,8080,581,454,561
B06-M08,6,30,normal,2,11542,726,487,594
B06-M08,6,30,normal,3,16159,896,520,627
B06-M08,6,30,normal,4,23084,1114,553,660
B06-M09,6,26,elite,0,10398,511,716,492
B06-M09,6,26,elite,1,14558,613,750,526
B06-M09,6,26,elite,2,20796,766,785,561
B06-M09,6,26,elite,3,29115,945,819,595
B06-M09,6,26,elite,4,41593,1175,854,630
B06-M09,6,26,normal,0,8665,456,716,423
B06-M09,6,26,normal,1,12131,547,750,457
B06-M09,6,26,normal,2,17330,684,785,492
B06-M09,6,26,normal,3,24263,844,819,526
B06-M09,6,26,normal,4,34661,1049,854,561
B06-M09,6,28,elite,0,10880,527,733,509
B06-M09,6,28,elite,1,15232,632,768,543
B06-M09,6,28,elite,2,21760,790,802,578
B06-M09,6,28,elite,3,30464,974,837,612
B06-M09,6,28,elite,4,43519,1211,871,647
B06-M09,6,28,normal,0,9067,470,733,440
B06-M09,6,28,normal,1,12693,564,768,474
B06-M09,6,28,normal,2,18133,705,802,509
B06-M09,6,28,normal,3,25386,870,837,543
B06-M09,6,28,normal,4,36266,1081,871,578
B06-M09,6,30,elite,0,11361,542,750,526
B06-M09,6,30,elite,1,15906,651,785,561
B06-M09,6,30,elite,2,22723,813,819,595
B06-M09,6,30,elite,3,31812,1003,854,630
B06-M09,6,30,elite,4,45446,1247,888,664
B06-M09,6,30,normal,0,9468,484,750,457
B06-M09,6,30,normal,1,13255,581,785,492
B06-M09,6,30,normal,2,18936,726,819,526
B06-M09,6,30,normal,3,26510,896,854,561
B06-M09,6,30,normal,4,37871,1114,888,595
B06-M10,6,26,elite,0,4606,826,323,593
B06-M10,6,26,elite,1,6448,991,353,623
B06-M10,6,26,elite,2,9212,1239,383,653
B06-M10,6,26,elite,3,12897,1528,413,683
B06-M10,6,26,elite,4,18424,1900,443,713
B06-M10,6,26,normal,0,3838,737,323,533
B06-M10,6,26,normal,1,5374,885,353,563
B06-M10,6,26,normal,2,7677,1106,383,593
B06-M10,6,26,normal,3,10747,1364,413,623
B06-M10,6,26,normal,4,15353,1696,443,653
B06-M10,6,28,elite,0,4819,851,338,608
B06-M10,6,28,elite,1,6747,1022,368,638
B06-M10,6,28,elite,2,9638,1277,398,668
B06-M10,6,28,elite,3,13494,1575,428,698
B06-M10,6,28,elite,4,19277,1958,458,728
B06-M10,6,28,normal,0,4016,760,338,548
B06-M10,6,28,normal,1,5622,912,368,578
B06-M10,6,28,normal,2,8032,1140,398,608
B06-M10,6,28,normal,3,11245,1406,428,638
B06-M10,6,28,normal,4,16064,1748,458,668
B06-M10,6,30,elite,0,5033,877,353,623
B06-M10,6,30,elite,1,7046,1052,383,653
B06-M10,6,30,elite,2,10065,1315,413,683
B06-M10,6,30,elite,3,14091,1622,443,713
B06-M10,6,30,elite,4,20130,2017,473,743
B06-M10,6,30,normal,0,4194,783,353,563
B06-M10,6,30,normal,1,5871,939,383,593
B06-M10,6,30,normal,2,8388,1174,413,623
B06-M10,6,30,normal,3,11743,1448,443,653
B06-M10,6,30,normal,4,16775,1801,473,683
B06-M11,6,26,elite,0,7923,704,458,443
B06-M11,6,26,elite,1,11092,845,488,473
B06-M11,6,26,elite,2,15846,1056,518,503
B06-M11,6,26,elite,3,22184,1303,548,533
B06-M11,6,26,elite,4,31691,1620,578,563
B06-M11,6,26,normal,0,6602,629,458,383
B06-M11,6,26,normal,1,9243,755,488,413
B06-M11,6,26,normal,2,13205,943,518,443
B06-M11,6,26,normal,3,18486,1163,548,473
B06-M11,6,26,normal,4,26409,1446,578,503
B06-M11,6,28,elite,0,8290,726,473,458
B06-M11,6,28,elite,1,11606,871,503,488
B06-M11,6,28,elite,2,16579,1089,533,518
B06-M11,6,28,elite,3,23211,1343,563,548
B06-M11,6,28,elite,4,33159,1670,593,578
B06-M11,6,28,normal,0,6908,648,473,398
B06-M11,6,28,normal,1,9671,778,503,428
B06-M11,6,28,normal,2,13816,972,533,458
B06-M11,6,28,normal,3,19343,1199,563,488
B06-M11,6,28,normal,4,27632,1491,593,518
B06-M11,6,30,elite,0,8657,748,488,473
B06-M11,6,30,elite,1,12119,897,518,503
B06-M11,6,30,elite,2,17313,1121,548,533
B06-M11,6,30,elite,3,24239,1383,578,563
B06-M11,6,30,elite,4,34627,1720,608,593
B06-M11,6,30,normal,0,7214,668,488,413
B06-M11,6,30,normal,1,10099,801,518,443
B06-M11,6,30,normal,2,14428,1001,548,473
B06-M11,6,30,normal,3,20199,1235,578,503
B06-M11,6,30,normal,4,28856,1535,608,533
B06-M12,6,26,elite,0,6279,771,413,428
B06-M12,6,26,elite,1,8791,926,443,458
B06-M12,6,26,elite,2,12558,1157,473,488
B06-M12,6,26,elite,3,17582,1427,503,518
B06-M12,6,26,elite,4,25116,1774,533,548
B06-M12,6,26,normal,0,5233,689,413,368
B06-M12,6,26,normal,1,7326,826,443,398
B06-M12,6,26,normal,2,10465,1033,473,428
B06-M12,6,26,normal,3,14651,1274,503,458
B06-M12,6,26,normal,4,20930,1584,533,488
B06-M12,6,28,elite,0,6570,795,428,443
B06-M12,6,28,elite,1,9198,954,458,473
B06-M12,6,28,elite,2,13140,1193,488,503
B06-M12,6,28,elite,3,18396,1471,518,533
B06-M12,6,28,elite,4,26280,1829,548,563
B06-M12,6,28,normal,0,5475,710,428,383
B06-M12,6,28,normal,1,7665,852,458,413
B06-M12,6,28,normal,2,10950,1065,488,443
B06-M12,6,28,normal,3,15330,1313,518,473
B06-M12,6,28,normal,4,21900,1633,548,503
B06-M12,6,30,elite,0,6861,819,443,458
B06-M12,6,30,elite,1,9605,983,473,488
B06-M12,6,30,elite,2,13722,1228,503,518
B06-M12,6,30,elite,3,19210,1515,533,548
B06-M12,6,30,elite,4,27443,1883,563,578
B06-M12,6,30,normal,0,5717,731,443,398
B06-M12,6,30,normal,1,8004,877,473,428
B06-M12,6,30,normal,2,11435,1097,503,458
B06-M12,6,30,normal,3,16008,1353,533,488
B06-M12,6,30,normal,4,22869,1682,563,518
B06-M13,6,26,elite,0,6338,511,388,561
B06-M13,6,26,elite,1,8874,613,421,594
B06-M13,6,26,elite,2,12676,766,454,627
B06-M13,6,26,elite,3,17747,945,487,660
B06-M13,6,26,elite,4,25353,1175,520,693
B06-M13,6,26,normal,0,5282,456,388,495
B06-M13,6,26,normal,1,7395,547,421,528
B06-M13,6,26,normal,2,10564,684,454,561
B06-M13,6,26,normal,3,14789,844,487,594
B06-M13,6,26,normal,4,21127,1049,520,627
B06-M13,6,28,elite,0,6632,527,404,578
B06-M13,6,28,elite,1,9284,632,437,611
B06-M13,6,28,elite,2,13264,790,470,644
B06-M13,6,28,elite,3,18569,974,503,677
B06-M13,6,28,elite,4,26527,1211,536,710
B06-M13,6,28,normal,0,5526,470,404,512
B06-M13,6,28,normal,1,7737,564,437,545
B06-M13,6,28,normal,2,11053,705,470,578
B06-M13,6,28,normal,3,15474,870,503,611
B06-M13,6,28,normal,4,22106,1081,536,644
B06-M13,6,30,elite,0,6925,542,421,594
B06-M13,6,30,elite,1,9695,651,454,627
B06-M13,6,30,elite,2,13851,813,487,660
B06-M13,6,30,elite,3,19391,1003,520,693
B06-M13,6,30,elite,4,27701,1247,553,726
B06-M13,6,30,normal,0,5771,484,421,528
B06-M13,6,30,normal,1,8080,581,454,561
B06-M13,6,30,normal,2,11542,726,487,594
B06-M13,6,30,normal,3,16159,896,520,627
B06-M13,6,30,normal,4,23084,1114,553,660
B06-M14,6,26,elite,0,3191,926,289,390
B06-M14,6,26,elite,1,4468,1111,319,420
B06-M14,6,26,elite,2,6383,1388,349,450
B06-M14,6,26,elite,3,8936,1712,379,480
B06-M14,6,26,elite,4,12765,2129,409,510
B06-M14,6,26,normal,0,2659,826,289,330
B06-M14,6,26,normal,1,3723,992,319,360
B06-M14,6,26,normal,2,5319,1240,349,390
B06-M14,6,26,normal,3,7446,1529,379,420
B06-M14,6,26,normal,4,10638,1901,409,450
B06-M14,6,28,elite,0,3339,954,304,405
B06-M14,6,28,elite,1,4675,1145,334,435
B06-M14,6,28,elite,2,6678,1431,364,465
B06-M14,6,28,elite,3,9349,1765,394,495
B06-M14,6,28,elite,4,13356,2195,424,525
B06-M14,6,28,normal,0,2783,852,304,345
B06-M14,6,28,normal,1,3896,1022,334,375
B06-M14,6,28,normal,2,5565,1278,364,405
B06-M14,6,28,normal,3,7791,1576,394,435
B06-M14,6,28,normal,4,11130,1959,424,465
B06-M14,6,30,elite,0,3487,983,319,420
B06-M14,6,30,elite,1,4882,1179,349,450
B06-M14,6,30,elite,2,6974,1474,379,480
B06-M14,6,30,elite,3,9763,1818,409,510
B06-M14,6,30,elite,4,13948,2260,439,540
B06-M14,6,30,normal,0,2906,877,319,360
B06-M14,6,30,normal,1,4068,1053,349,390
B06-M14,6,30,normal,2,5811,1316,379,420
B06-M14,6,30,normal,3,8136,1623,409,450
B06-M14,6,30,normal,4,11623,2018,439,480
B06-M15,6,26,elite,0,10398,511,716,492
B06-M15,6,26,elite,1,14558,613,750,526
B06-M15,6,26,elite,2,20796,766,785,561
B06-M15,6,26,elite,3,29115,945,819,595
B06-M15,6,26,elite,4,41593,1175,854,630
B06-M15,6,26,normal,0,8665,456,716,423
B06-M15,6,26,normal,1,12131,547,750,457
B06-M15,6,26,normal,2,17330,684,785,492
B06-M15,6,26,normal,3,24263,844,819,526
B06-M15,6,26,normal,4,34661,1049,854,561
B06-M15,6,28,elite,0,10880,527,733,509
B06-M15,6,28,elite,1,15232,632,768,543
B06-M15,6,28,elite,2,21760,790,802,578
B06-M15,6,28,elite,3,30464,974,837,612
B06-M15,6,28,elite,4,43519,1211,871,647
B06-M15,6,28,normal,0,9067,470,733,440
B06-M15,6,28,normal,1,12693,564,768,474
B06-M15,6,28,normal,2,18133,705,802,509
B06-M15,6,28,normal,3,25386,870,837,543
B06-M15,6,28,normal,4,36266,1081,871,578
B06-M15,6,30,elite,0,11361,542,750,526
B06-M15,6,30,elite,1,15906,651,785,561
B06-M15,6,30,elite,2,22723,813,819,595
B06-M15,6,30,elite,3,31812,1003,854,630
B06-M15,6,30,elite,4,45446,1247,888,664
B06-M15,6,30,normal,0,9468,484,750,457
B06-M15,6,30,normal,1,13255,581,785,492
B06-M15,6,30,normal,2,18936,726,819,526
B06-M15,6,30,normal,3,26510,896,854,561
B06-M15,6,30,normal,4,37871,1114,888,595
B06-M16,6,26,elite,0,6279,771,413,428
B06-M16,6,26,elite,1,8791,926,443,458
B06-M16,6,26,elite,2,12558,1157,473,488
B06-M16,6,26,elite,3,17582,1427,503,518
B06-M16,6,26,elite,4,25116,1774,533,548
B06-M16,6,26,normal,0,5233,689,413,368
B06-M16,6,26,normal,1,7326,826,443,398
B06-M16,6,26,normal,2,10465,1033,473,428
B06-M16,6,26,normal,3,14651,1274,503,458
B06-M16,6,26,normal,4,20930,1584,533,488
B06-M16,6,28,elite,0,6570,795,428,443
B06-M16,6,28,elite,1,9198,954,458,473
B06-M16,6,28,elite,2,13140,1193,488,503
B06-M16,6,28,elite,3,18396,1471,518,533
B06-M16,6,28,elite,4,26280,1829,548,563
B06-M16,6,28,normal,0,5475,710,428,383
B06-M16,6,28,normal,1,7665,852,458,413
B06-M16,6,28,normal,2,10950,1065,488,443
B06-M16,6,28,normal,3,15330,1313,518,473
B06-M16,6,28,normal,4,21900,1633,548,503
B06-M16,6,30,elite,0,6861,819,443,458
B06-M16,6,30,elite,1,9605,983,473,488
B06-M16,6,30,elite,2,13722,1228,503,518
B06-M16,6,30,elite,3,19210,1515,533,548
B06-M16,6,30,elite,4,27443,1883,563,578
B06-M16,6,30,normal,0,5717,731,443,398
B06-M16,6,30,normal,1,8004,877,473,428
B06-M16,6,30,normal,2,11435,1097,503,458
B06-M16,6,30,normal,3,16008,1353,533,488
B06-M16,6,30,normal,4,22869,1682,563,518
B06-M17,6,26,elite,0,10398,511,716,492
B06-M17,6,26,elite,1,14558,613,750,526
B06-M17,6,26,elite,2,20796,766,785,561
B06-M17,6,26,elite,3,29115,945,819,595
B06-M17,6,26,elite,4,41593,1175,854,630
B06-M17,6,26,normal,0,8665,456,716,423
B06-M17,6,26,normal,1,12131,547,750,457
B06-M17,6,26,normal,2,17330,684,785,492
B06-M17,6,26,normal,3,24263,844,819,526
B06-M17,6,26,normal,4,34661,1049,854,561
B06-M17,6,28,elite,0,10880,527,733,509
B06-M17,6,28,elite,1,15232,632,768,543
B06-M17,6,28,elite,2,21760,790,802,578
B06-M17,6,28,elite,3,30464,974,837,612
B06-M17,6,28,elite,4,43519,1211,871,647
B06-M17,6,28,normal,0,9067,470,733,440
B06-M17,6,28,normal,1,12693,564,768,474
B06-M17,6,28,normal,2,18133,705,802,509
B06-M17,6,28,normal,3,25386,870,837,543
B06-M17,6,28,normal,4,36266,1081,871,578
B06-M17,6,30,elite,0,11361,542,750,526
B06-M17,6,30,elite,1,15906,651,785,561
B06-M17,6,30,elite,2,22723,813,819,595
B06-M17,6,30,elite,3,31812,1003,854,630
B06-M17,6,30,elite,4,45446,1247,888,664
B06-M17,6,30,normal,0,9468,484,750,457
B06-M17,6,30,normal,1,13255,581,785,492
B06-M17,6,30,normal,2,18936,726,819,526
B06-M17,6,30,normal,3,26510,896,854,561
B06-M17,6,30,normal,4,37871,1114,888,595
B06-M18,6,26,elite,0,6338,511,388,561
B06-M18,6,26,elite,1,8874,613,421,594
B06-M18,6,26,elite,2,12676,766,454,627
B06-M18,6,26,elite,3,17747,945,487,660
B06-M18,6,26,elite,4,25353,1175,520,693
B06-M18,6,26,normal,0,5282,456,388,495
B06-M18,6,26,normal,1,7395,547,421,528
B06-M18,6,26,normal,2,10564,684,454,561
B06-M18,6,26,normal,3,14789,844,487,594
B06-M18,6,26,normal,4,21127,1049,520,627
B06-M18,6,28,elite,0,6632,527,404,578
B06-M18,6,28,elite,1,9284,632,437,611
B06-M18,6,28,elite,2,13264,790,470,644
B06-M18,6,28,elite,3,18569,974,503,677
B06-M18,6,28,elite,4,26527,1211,536,710
B06-M18,6,28,normal,0,5526,470,404,512
B06-M18,6,28,normal,1,7737,564,437,545
B06-M18,6,28,normal,2,11053,705,470,578
B06-M18,6,28,normal,3,15474,870,503,611
B06-M18,6,28,normal,4,22106,1081,536,644
B06-M18,6,30,elite,0,6925,542,421,594
B06-M18,6,30,elite,1,9695,651,454,627
B06-M18,6,30,elite,2,13851,813,487,660
B06-M18,6,30,elite,3,19391,1003,520,693
B06-M18,6,30,elite,4,27701,1247,553,726
B06-M18,6,30,normal,0,5771,484,421,528
B06-M18,6,30,normal,1,8080,581,454,561
B06-M18,6,30,normal,2,11542,726,487,594
B06-M18,6,30,normal,3,16159,896,520,627
B06-M18,6,30,normal,4,23084,1114,553,660
BO06,6,30,boss,0,45649,491,280,280
BO06,6,30,boss,1,63909,590,310,310
BO06,6,30,boss,2,91298,737,340,340
BO06,6,30,boss,3,127817,909,370,370
BO06,6,30,boss,4,182596,1130,400,400
